"","x"
"1","CAALNYGGSQGNLIF_CASGGQGKLDGYTF"
"2","CAALNYGGSQGNLIF_CASIPRAGLPDGYTF"
"3","CAALNYGGSQGNLIF_CASSENSGSLYGYTF"
"4","CAALNYGGSQGNLIF_CASSLGSSFGYEAFF"
"5","CAALNYGGSQGNLIF_CASSLQGGNGYTF"
"6","CAALNYGGSQGNLIF_CASSPDRGNGYTF"
"7","CAALNYGGSQGNLIF_CASSPSRQGNLGYTF"
"8","CAALNYGGSQGNLIF_CASSQGGGSFGYTF"
"9","CAALNYGGSQGNLIF_CATSRVRQGAWASTGELFF"
"10","CAAMNYGGSQGNLIF_CASSFGQGDVGGYTF"
"11","CAAMNYGGSQGNLIF_CASSPRALAGLQDTQYF"
"12","CAAMNYGGSQGNLIF_CASSPRTGGFGYTF"
"13","CAAMNYGGSQGNLIF_CAWSPRGAVGYTF"
"14","CAANTGNQFYF_CASSHYRPRSSGANVLTF"
"15","CAAQNYGGSQGNLIF_CASSFRRGNGYTF"
"16","CAAQNYGGSQGNLIF_CASSPRGPNTGELFF"
"17","CAAQNYGGSQGNLIF_CASSSGQGALNGYTF"
"18","CAAQNYGGSQGNLIF_CASSSRGDGNTIYF"
"19","CAAQNYGGSQGNLIF_CASSSRTGQPQHF"
"20","CAASGTYKYIF_CASSQGNRANTEAFF"
"21","CAENSGGSNYKLTF_CAISYNERTAAGELFF"
"22","CAERYSGGGADGLTF_CASSEGLAVETQYF"
"23","CAETWTNFGNEKLTF_CASSLGYEQYF"
"24","CAGANYGGSQGNLIF_CALRGRTPETQYF"
"25","CAGANYGGSQGNLIF_CASRARGAAPPETQYF"
"26","CAGANYGGSQGNLIF_CASSPQGRGPDTQYF"
"27","CAGANYGGSQGNLIF_CASSRRLAGPETQYF"
"28","CAGFNSGGSNYKLTF_CASSPERGIGELFF"
"29","CAGFNYGGSQGNLIF_CASSVVGASGRLNTGELFF"
"30","CAGGGNAGNMLTF_CASSVTGGNQPQHF"
"31","CAGGSQGNLIF_CASSEAGGRGGYTF"
"32","CAGGSQGNLIF_CASSLGSSGGGAAYEQYF"
"33","CAGGSQGNLIF_CASSLPGVVHGYTF"
"34","CAGKNYGGSQGNLIF_CASSLRGDTQYF"
"35","CAGKNYGGSQGNLIF_CASSPGPGSPYGYTF"
"36","CAGKNYGGSQGNLIF_CASSYRGDALSGYTF"
"37","CAGKNYGGSQGNLIF_CASSYSPGAVREQFF"
"38","CAGKNYGGSQGNLIF_CATSRRGDEQFF"
"39","CAGLLFKAAGNKLTF_CASSPRDRGETQYF"
"40","CAGLLFKAAGNKLTF_CASSPRTDTQYF"
"41","CAGLLYGGSQGNLIF_CASTVRQGHGYTF"
"42","CAGLNSGGSNYKLTF_CASSARSGPLAGYTF"
"43","CAGLNSGGSNYKLTF_CASSFRTSGVNGYTF"
"44","CAGLNSGGSNYKLTF_CASSPRDGQGILYGYTF"
"45","CAGLNSGGSNYKLTF_CATSRDRQRGLTLYGYTF"
"46","CAGLNYGGSQGNLIF_CASIGTRGALRGYTF"
"47","CAGLNYGGSQGNLIF_CASINRGHTEAFF"
"48","CAGLNYGGSQGNLIF_CASITKDRGFGYTF"
"49","CAGLNYGGSQGNLIF_CASSDKGVVYGYTF"
"50","CAGLNYGGSQGNLIF_CASSFGGSPYGYTF"
"51","CAGLNYGGSQGNLIF_CASSFRGSGNTIYF"
"52","CAGLNYGGSQGNLIF_CASSGRAPRDGYTF"
"53","CAGLNYGGSQGNLIF_CASSGRQGALYGYTF"
"54","CAGLNYGGSQGNLIF_CASSHGQGALRGYTF"
"55","CAGLNYGGSQGNLIF_CASSKRQHSPAETQYF"
"56","CAGLNYGGSQGNLIF_CASSLGTGGIPRGYTF"
"57","CAGLNYGGSQGNLIF_CASSLKRGANPNYGYTF"
"58","CAGLNYGGSQGNLIF_CASSLKRVRGLNNEQFF"
"59","CAGLNYGGSQGNLIF_CASSLRLAGGTGELFF"
"60","CAGLNYGGSQGNLIF_CASSPRLAGASYNEQFF"
"61","CAGLNYGGSQGNLIF_CASSPRQAGANVLTF"
"62","CAGLNYGGSQGNLIF_CASSPRTGTLYGYTF"
"63","CAGLNYGGSQGNLIF_CASSPRTSGSTGELFF"
"64","CAGLNYGGSQGNLIF_CASSQGTGSFGYTF"
"65","CAGLNYGGSQGNLIF_CASSSRANGLNGYTF"
"66","CAGLNYGGSQGNLIF_CASSSRGAFGYTF"
"67","CAGLNYGGSQGNLIF_CASSSRGGGTGELFF"
"68","CAGLNYGGSQGNLIF_CASSSRQGFGYTF"
"69","CAGLNYGGSQGNLIF_CASSSRSGAGLRGYTF"
"70","CAGLNYGGSQGNLIF_CASSSSPGRIYGYTF"
"71","CAGLNYGGSQGNLIF_CASSTRQGAVSGYTF"
"72","CAGLNYGGSQGNLIF_CASSVARLAGRNPYNEQFF"
"73","CAGLNYGGSQGNLIF_CASSYGTGSLKGYTF"
"74","CAGLNYGGSQGNLIF_CASSYPGTVKGYTF"
"75","CAGLNYGGSQGNLIF_CASSYRGTGNTIYF"
"76","CAGLNYGGSQGNLIF_CASTHYSPGATGELFF"
"77","CAGLNYGGSQGNLIF_CASTSGTGGSLYGYTF"
"78","CAGLNYGGSQGNLIF_CATTSTGRRGDGYTF"
"79","CAGMNSGGSNYKLTF_CASSPRREGTNGYTF"
"80","CAGMNYGGATNKLIF_CASSYRGEYGYTF"
"81","CAGMNYGGSQGNLIF_CASGARGAFGYTF"
"82","CAGMNYGGSQGNLIF_CASILTQGSLYGYTF"
"83","CAGMNYGGSQGNLIF_CASLSSSLYGYTF"
"84","CAGMNYGGSQGNLIF_CASRPGQGIGGYTF"
"85","CAGMNYGGSQGNLIF_CASRPRQGSYNEQFF"
"86","CAGMNYGGSQGNLIF_CASSASPGTLGGYTF"
"87","CAGMNYGGSQGNLIF_CASSFDRGSLYGYTF"
"88","CAGMNYGGSQGNLIF_CASSFLTGGNGYTF"
"89","CAGMNYGGSQGNLIF_CASSFRGDYGYTF"
"90","CAGMNYGGSQGNLIF_CASSGAYLSYTF"
"91","CAGMNYGGSQGNLIF_CASSLRGADGYTF"
"92","CAGMNYGGSQGNLIF_CASSLRGAKGYTF"
"93","CAGMNYGGSQGNLIF_CASSLRGDYGYTF"
"94","CAGMNYGGSQGNLIF_CASSPRGQGNTGELFF"
"95","CAGMNYGGSQGNLIF_CASSPRRTSGLQETQYF"
"96","CAGMNYGGSQGNLIF_CASSQGVGYTF"
"97","CAGMNYGGSQGNLIF_CASSQLDSGLRTDTQYF"
"98","CAGMNYGGSQGNLIF_CASSQREGTLYGYTF"
"99","CAGMNYGGSQGNLIF_CASSQRGAHGYTF"
"100","CAGMNYGGSQGNLIF_CASSQRKGGIHGYTF"
"101","CAGMNYGGSQGNLIF_CASSSRGALGYTF"
"102","CAGMNYGGSQGNLIF_CASSTDRGLGYTF"
"103","CAGMNYGGSQGNLIF_CASSVSGGLTDTQYF"
"104","CAGMNYGGSQGNLIF_CASSVSGGVGYTF"
"105","CAGMNYGGSQGNLIF_CASSYDRGSLDGYTF"
"106","CAGMNYGGSQGNLIF_CATSGRRGGFGYTF"
"107","CAGNQGGKLIF_CASSPPGVPYEQYF"
"108","CAGQLAKAAGNKLTF_CASSARQAVYGYTF"
"109","CAGQLAKAAGNKLTF_CASSPRTANYGYTF"
"110","CAGQLFGGSARQLTF_CASSHRQGDGYTF"
"111","CAGQLFKAAGNKLTF_CASALRGETQYF"
"112","CAGQLFKAAGNKLTF_CASLTGDRGLGYTF"
"113","CAGQLFKAAGNKLTF_CASSADRGGETQYF"
"114","CAGQLFKAAGNKLTF_CASSPRDGSGNTIYF"
"115","CAGQLFKAAGNKLTF_CASSPRPGGELFF"
"116","CAGQLFKAAGNKLTF_CASSPRQGGAYGYTF"
"117","CAGQLFKAAGNKLTF_CASSSRPGQPQHF"
"118","CAGQLFKAAGNKLTF_CASSSRQGGSPLHF"
"119","CAGQLFKAAGNKLTF_CASSVASAPETQYF"
"120","CAGQLFRAAGNKLTF_CASSLGDRGGETQYF"
"121","CAGQLGKAAGNKLTF_CASSSRDSSPYGYTF"
"122","CAGQLHKAAGNKLTF_CASLGQGVNGYTF"
"123","CAGQLHKAAGNKLTF_CASNGQGVGGYTF"
"124","CAGQLHKAAGNKLTF_CASSGRTDTQYF"
"125","CAGQLHKAAGNKLTF_CASSLLDSGGEKLFF"
"126","CAGQLHKAAGNKLTF_CASSNRDGTEAFF"
"127","CAGQLHKAAGNKLTF_CASSVADGRGQYF"
"128","CAGQLMKAAGNKLTF_CASSYRPGGETQYF"
"129","CAGQLNGGGSNYKLTF_CASRSDRGLGEQYF"
"130","CAGQLNKAAGNKLTF_CASSLRGSWDAFF"
"131","CAGQLNKAAGNKLTF_CASSLTGAYGYTF"
"132","CAGQLNKAAGNKLTF_CASSYSGSSLWQYF"
"133","CAGQLNKAAGNKLTF_CASTLGEGSFGYTF"
"134","CAGQLSGGSNYKLTF_CASSLTGNYGYTF"
"135","CAGQLVKAAGNKLTF_CASSPRGISPDTQYF"
"136","CAGQLYGGSQGNLIF_CASSFRGGNYGYTF"
"137","CAGQLYGGSQGNLIF_CASSLTGGRGYTF"
"138","CAGQLYGGSQGNLIF_CASSPRAGNPHGYTF"
"139","CAGQLYGGSQGNLIF_CASSYRGSSGYTF"
"140","CAGQLYGGSQGNLIF_CASSYSGGTVSFF"
"141","CAGQLYGGSQGNLIF_CASTPRAGKGYTF"
"142","CAGQLYKAAGNKLTF_CASSPRGANTGELFF"
"143","CAGQLYKAAGNKLTF_CASSQGGLGVHF"
"144","CAGQLYKAAGNKLTF_CASSSRGGRADTQYF"
"145","CAGQLYKAAGNKLTF_CASSTTGGLGYTF"
"146","CAGQLYRAAGNKLTF_CASSPAPGQGSIYGYTF"
"147","CAGQLYTAAGNKLTF_CATTPRGNTGELFF"
"148","CAGQNYGGSQGNLIF_CASFRGGVNGYTF"
"149","CAGQNYGGSQGNLIF_CASRPRLGSYNEQFF"
"150","CAGQNYGGSQGNLIF_CASRPRQGSITEAFF"
"151","CAGQNYGGSQGNLIF_CASSAKTGALSGYTF"
"152","CAGQNYGGSQGNLIF_CASSIRGTGLDGYTF"
"153","CAGQNYGGSQGNLIF_CASSKGTSGGPNTGELFF"
"154","CAGQNYGGSQGNLIF_CASSKRGDYGYTF"
"155","CAGQNYGGSQGNLIF_CASSLGGARGWAPSGNTIYF"
"156","CAGQNYGGSQGNLIF_CASSLKSPANTGELFF"
"157","CAGQNYGGSQGNLIF_CASSLRGRPSGNTIYF"
"158","CAGQNYGGSQGNLIF_CASSLRTGSLGGYTF"
"159","CAGQNYGGSQGNLIF_CASSPRGAANTGELFF"
"160","CAGQNYGGSQGNLIF_CASSPRGGGGPVTGELFF"
"161","CAGQNYGGSQGNLIF_CASSPRLAGSSYNEQFF"
"162","CAGQNYGGSQGNLIF_CASSPRLGTPAGQFF"
"163","CAGQNYGGSQGNLIF_CASSPRLTVNTGELFF"
"164","CAGQNYGGSQGNLIF_CASSPRQGAINGYTF"
"165","CAGQNYGGSQGNLIF_CASSPRQGAYYGYTF"
"166","CAGQNYGGSQGNLIF_CASSPSRGSLGGYTF"
"167","CAGQNYGGSQGNLIF_CASSPTRGALVGYTF"
"168","CAGQNYGGSQGNLIF_CASSRGRVGGPNTGELFF"
"169","CAGQNYGGSQGNLIF_CASSSRPGSTSGYTF"
"170","CAGQNYGGSQGNLIF_CASSYRGAGLDGYTF"
"171","CAGQNYGGSQGNLIF_CASSYSAGAVYGYTF"
"172","CAGQNYGGSQGNLIF_CASSYSQGQPQHF"
"173","CAGRLSGGSNYKLTF_CASSLTGNYGYTF"
"174","CAGRNYGGSQGNLIF_CASNVLGVSYEQYF"
"175","CAGRNYGGSQGNLIF_CASSARQGLEPQHF"
"176","CAGRNYGGSQGNLIF_CASSGTFEAFF"
"177","CAGRNYGGSQGNLIF_CASSLTGDTQYF"
"178","CAGRNYGGSQGNLIF_CASSPRHGTDTQYF"
"179","CAGRNYGGSQGNLIF_CASSSAYGGLGYTF"
"180","CAGRNYGGSQGNLIF_CASSYTFGYTF"
"181","CAGSNYGGSQGNLIF_CASSYRGDTRVGYTF"
"182","CAGSNYGGSQGNLIF_CASSYSPGTLAGQFF"
"183","CAGVNYGGSQGNLIF_CASSPRGQGDLEQFF"
"184","CAGVNYGGSQGNLIF_CASSRRRAGSTGELFF"
"185","CAGVNYGGSQGNLIF_CASSRRRVPDTQYF"
"186","CAGVNYGGSQGNLIF_CASSSRLAGALGELFF"
"187","CAGVTSGTYKYIF_CASSRRQGGVTEAFF"
"188","CAKGGTDKLIF_CASSAGTGGNQPQHF"
"189","CALMNYGGSQGNLIF_CASSPRGADGYTF"
"190","CALNRGDKLIF_CASSARTGELFF"
"191","CALSDGVLTGANSKLTF_CASSLRGDTQYF"
"192","CALSEAGFGNVLHC_CASSLVAGGSSSYNEQFF"
"193","CALSERNTGNQFYF_CASSPRLAGGTGELFF"
"194","CALSGNNQGGKLIF_CASSFLPGTGNEKLFF"
"195","CALSPTGGGNKLTF_CATSARGGNGYTF"
"196","CALYNTDKLIF_CASSNPPEYEQYF"
"197","CAMPRVGGGNKLTF_CASSIGAGNQPQHF"
"198","CAPGLTGGGNKLTF_CASSPGGGNQPQHF"
"199","CAPNAGGTSYGKLTF_CASSDGRTGRGSDTQYF"
"200","CASAGGTSYGKLTF_CSASGSRSSTDTQYF"
"201","CASLNYGGSQGNLIF_CASSLRDSGGLHGYTF"
"202","CASLNYGGSQGNLIF_CASSLRLAGIGEQFF"
"203","CASLNYGGSQGNLIF_CSVPTSGLLYGYTF"
"204","CASMNYGGSQGNLIF_CASITGSPYEQYF"
"205","CASTGTYKYIF_CASSQGNRANTEAFF"
"206","CATDTGGGNKLTF_CASSTRDRRSGYTF"
"207","CATDTGGGNKLTF_CSARADGNTGELFF"
"208","CATDVTGGGNKLTF_CASSPRRGEQFF"
"209","CATGATGGGNKLTF_CASSMGGGNQPQHF"
"210","CATGATGGGNKLTF_CASTLGGGNQPQHF"
"211","CATGDTGGGNKLTF_CASSGGGGNQPQHF"
"212","CATGDTGGGNKLTF_CASSIGSGNQPQHF"
"213","CATGFTGGGNKLTF_CASQGGGGNQPQHF"
"214","CATGFTGGGNKLTF_CASSGGAGHQPQHF"
"215","CATGFTGGGNKLTF_CASTEGAGNQPQHF"
"216","CATGFTGGGNKLTF_CASTQGGGNQPQHF"
"217","CATGGPLTGGGNKLTF_CAWSRTLYGYTF"
"218","CATGLTGGGNKLTF_CASSRGGGNQPQHF"
"219","CATGLTGGGNKLTF_CASSSGGGNQPQHF"
"220","CATGPTGGGNKLTF_CASTLGAANQPQHF"
"221","CATGQAGGGNKLTF_CASSPGGGNQPQHF"
"222","CATGTTGGGNKLTF_CASGGAGNQPQHF"
"223","CATMNYGGSQGNLIF_CASSYRGAYGYTF"
"224","CATPQGGSEKLVF_CASSPVTGINEKLFF"
"225","CATTFTGGGNKLTF_CASSIGAGNQPQHF"
"226","CATVLTGGGNKLTF_CASSPGTGTTGELFF"
"227","CATVLTGGGNKLTF_CASSRGAGNQPQHF"
"228","CATVPTGGGNKLTF_CASSRGAGNQPQHF"
"229","CAVAGTYKYIF_CASSQGNRANTEAFF"
"230","CAVDTGTASKLTF_CASSSSGSLDTQYF"
"231","CAVESYNTDKLIF_CASSPVNSPLHF"
"232","CAVGAYGGSQGNLIF_CASSFFHGRSNTEAFF"
"233","CAVGGGADGLTF_CSATRPAYEQYF"
"234","CAVGGSQGNLIF_CASSPRGSGSSLGAYEQYF"
"235","CAVGGSQGNLIF_CSARDLASHADTQYF"
"236","CAVGPSGGGADGLTF_CASSQDRGGWVQPQHF"
"237","CAVGYSSASKIIF_CASRDREHSPLHF"
"238","CAVILNNAGNMLTF_CASSLDRNTGELFF"
"239","CAVKISSGSARQLTF_CASSFGRGDGYTF"
"240","CAVKNYGGSQGNLIF_CASSLRGDTQYF"
"241","CAVLINAGNNRKLIW_CASSLVGAQGNYGYTF"
"242","CAVLNYGGSQGNLIF_CASSLRTGGFGYTF"
"243","CAVLSSGTYKYIF_CASSFPQGSYSPLHF"
"244","CAVMNTGFQKLVF_CASSQSDTNQPQHF"
"245","CAVMNYGGSQGNLIF_CASSAGRGDGYTF"
"246","CAVMNYGGSQGNLIF_CASSSRGADGYTF"
"247","CAVNAGNNRKLIW_CSAGPLTGEGTEAFF"
"248","CAVNRDDKIIF_CSARDPRNDGYTF"
"249","CAVNSGGSNYKLTF_CASSFSGRNEQFF"
"250","CAVNSGGSNYKLTF_CASSGTGGEKLFF"
"251","CAVNSGGSNYKLTF_CASSPGSGNTIYF"
"252","CAVNTGFQKLVF_CASTDDTDTEAFF"
"253","CAVNTGGFKTIF_CASSPEHGISGTIYF"
"254","CAVNTGNQFYF_CASSGGLGTGEQFF"
"255","CAVPLIKAAGNKLTF_CASSYGGRGNQPQHF"
"256","CAVQNYGGSQGNLIF_CASSFGRVGASANTGELFF"
"257","CAVQNYGGSQGNLIF_CASSGRTGDPYGYTF"
"258","CAVRDSNYQLIW_CASIRGRNTGELFF"
"259","CAVRGAGNNRKLIW_CSAAFSGSNIQYF"
"260","CAVRGGNQFYF_CASTAGGGNQPQHF"
"261","CAVRGTGRRALTF_CASLPEASGRFYNEQFF"
"262","CAVRSGTYKYIF_CASSPGGRVYEKLFF"
"263","CAVRTSGTYKYIF_CASSIQGQPQHF"
"264","CAVSTSGTYKYIF_CASSLEGYNEQFF"
"265","CAYSGYSTLTF_CASSTLRGGHYGYTF"
"266","CGADTAGKLIF_CASSPDRGGGYTF"
"267","CLLGVMNYGGSQGNLIF_CASSLTGGKGYTF"
"268","CVVNPSGGGADGLTF_CASSVWGTEAFF"
