"","cluster","filtered"
"cavgvggggnkltf",1,"cavgvggggnkltf"
"cavtgggnkltf",2,"cavtgggnkltf"
"cavspggyqkvtf",3,"cavspggyqkvtf"
"cavtaqagtalif",4,"cavtaqagtalif"
"cavpqagtalif",4,"cavpqagtalif"
"cavrgsdgqkllf",5,"cavrgsdgqkllf"
"cavrnkaagnkltf",6,"cavrnkaagnkltf"
"calsqaagnkltf",7,"calsqaagnkltf"
"cavnwrtagnkltf",8,"cavnwrtagnkltf"
"cagtrgstlgrlyf",9,"cagtrgstlgrlyf"
"cavkplsndyklsf",10,"cavkplsndyklsf"
"cavrpfndyklsf",11,"cavrpfndyklsf"
"cavqynfnkfyf",12,"cavqynfnkfyf"
"cavvynfnkfyf",12,"cavvynfnkfyf"
"caarynfnkfyf",12,"caarynfnkfyf"
"caplynfnkfyf",12,"caplynfnkfyf"
"cavrynfnkfyf",12,"cavrynfnkfyf"
"cavthnfnkfyf",12,"cavthnfnkfyf"
"cavpssgsarqltf",13,"cavpssgsarqltf"
"caappkssgsarqltf",14,"caappkssgsarqltf"
"caggfynqggklif",15,"caggfynqggklif"
"cavinygqnfvf",16,"cavinygqnfvf"
"cavgagntplvf",17,"cavgagntplvf"
"cavsssaskiif",18,"cavsssaskiif"
"caetrddkiif",19,"caetrddkiif"
"cavranarlmf",20,"cavranarlmf"
"cavrgtsggatnklif",21,"cavrgtsggatnklif"
"capwgsnyqliw",22,"capwgsnyqliw"
"cavrtgannlff",23,"cavrtgannlff"
"cavvdqtgannlff",24,"cavvdqtgannlff"
"cavrapgntgklif",25,"cavrapgntgklif"
"cavspsgntgklif",26,"cavspsgntgklif"
"cavcphnagnmltf",27,"cavcphnagnmltf"
"cavrdrggynklif",28,"cavrdrggynklif"
"caapyrgynklif",29,"caapyrgynklif"
"capaggyggsqgnlif",30,"capaggyggsqgnlif"
"cavrargggsyiptf",31,"cavrargggsyiptf"
"cavrarntggfktif",32,"cavrarntggfktif"
"cavrdrktggfktif",32,"cavrdrktggfktif"
"cavrstggfktif",33,"cavrstggfktif"
"caveagggnkltf",34,"caveagggnkltf"
"cavpltgggnkltf",35,"cavpltgggnkltf"
"cavtlltgggnkltf",35,"cavtlltgggnkltf"
"cavkgpggyqkvtf",36,"cavkgpggyqkvtf"
"cagaggyqkvtf",37,"cagaggyqkvtf"
"cavslnqagtalif",38,"cavslnqagtalif"
"cavrvkaagnkltf",39,"cavrvkaagnkltf"
"cavpraagnkltf",40,"cavpraagnkltf"
"cavlrgagnkltf",40,"cavlrgagnkltf"
"cavrdsgkaagnkltf",41,"cavrdsgkaagnkltf"
"caaasygdyklsf",42,"caaasygdyklsf"
"caafrhdyklsf",43,"caafrhdyklsf"
"caalynfnkfyf",44,"caalynfnkfyf"
"cavrvsgsarqltf",45,"cavrvsgsarqltf"
"cqynqggklif",46,"cqynqggklif"
"caalfdswgklqf",47,"caalfdswgklqf"
"cavrdqdnygqnfvf",48,"cavrdqdnygqnfvf"
"caalfygqnfvf",49,"caalfygqnfvf"
"caalntnagkstf",50,"caalntnagkstf"
"cavrantnagkstf",51,"cavrantnagkstf"
"cavdlpqgkstf",52,"cavdlpqgkstf"
"cavrdrgtgtnagkstf",53,"cavrdrgtgtnagkstf"
"cavdplgagsyqltf",54,"cavdplgagsyqltf"
"caklssgagsyqltf",55,"caklssgagsyqltf"
"cavekgntplvf",56,"cavekgntplvf"
"cavnpnsgntplvf",57,"cavnpnsgntplvf"
"cavskgntplvf",56,"cavskgntplvf"
"cavinsgntplvf",57,"cavinsgntplvf"
"cavtgntplvf",56,"cavtgntplvf"
"cavrdpsgntplvf",58,"cavrdpsgntplvf"
"cavlnrddkiif",59,"cavlnrddkiif"
"cavsgnnnarlmf",60,"cavsgnnnarlmf"
"cavrgnnarlmf",60,"cavrgnnarlmf"
"cagyggatnklif",61,"cagyggatnklif"
"cavspggatnklif",61,"cavspggatnklif"
"cavggatnklif",61,"cavggatnklif"
"casggatnklif",61,"casggatnklif"
"cavrggatnklif",61,"cavrggatnklif"
"cavksnyqliw",62,"cavksnyqliw"
"cavtgsnyqliw",62,"cavtgsnyqliw"
"cavrdrvsnyqliw",63,"cavrdrvsnyqliw"
"calrgdsnyqliw",64,"calrgdsnyqliw"
"cavrdrdtdklif",65,"cavrdrdtdklif"
"cavregfgnvlhc",66,"cavregfgnvlhc"
"cavrdegfgnvlhc",66,"cavrdegfgnvlhc"
"cavgqqtgannlff",67,"cavgqqtgannlff"
"caaggannlff",68,"caaggannlff"
"cavlrgannlff",69,"cavlrgannlff"
"cavrgprgssntgklif",70,"cavrgprgssntgklif"
"cavapargssntgklif",70,"cavapargssntgklif"
"cavraprgssntgklif",70,"cavraprgssntgklif"
"caalnagnnrkliw",71,"caalnagnnrkliw"
"cavyggnnrkliw",72,"cavyggnnrkliw"
"caadnagnmltf",73,"caadnagnmltf"
"cadnnagnmltf",73,"cadnnagnmltf"
"cvwnnagnmltf",73,"cvwnnagnmltf"
"cavtrfsggynklif",74,"cavtrfsggynklif"
"cavrdiasgtykyif",75,"cavrdiasgtykyif"
"capltsgtykyif",76,"capltsgtykyif"
"cavctsgtykyif",76,"cavctsgtykyif"
"cartsgtykyif",76,"cartsgtykyif"
"caagsgyalnf",77,"caagsgyalnf"
"cavnsnsgyalnf",78,"cavnsnsgyalnf"
"cavtppgggsqgnlif",79,"cavtppgggsqgnlif"
"casysgggadgltf",80,"casysgggadgltf"
"cavrdqgkggsyiptf",81,"cavrdqgkggsyiptf"
"cavnpggsyiptf",82,"cavnpggsyiptf"
"cavgasggsyiptf",83,"cavgasggsyiptf"
"cavltggsyiptf",82,"cavltggsyiptf"
"cavrevggsyiptf",84,"cavrevggsyiptf"
"cavrewktggsyiptf",85,"cavrewktggsyiptf"
"capvygnnrlaf",86,"capvygnnrlaf"
"casvvntgfqklvf",87,"casvvntgfqklvf"
"cavkgfqklvf",88,"cavkgfqklvf"
"cavrdlgtgfqklvf",89,"cavrdlgtgfqklvf"
"cavrentgfqklvf",90,"cavrentgfqklvf"
"cavegfktif",91,"cavegfktif"
"cavrvhhtggfktif",92,"cavrvhhtggfktif"
"cavretggfktif",93,"cavretggfktif"
"cavrytggfktif",93,"cavrytggfktif"
"cavrintggfktif",93,"cavrintggfktif"
"caprntggfktif",93,"caprntggfktif"
"cvvsavdtgggnkltf",94,"cvvsavdtgggnkltf"
"cvvprgiltgggnkltf",95,"cvvprgiltgggnkltf"
"cvvsatdssyklif",96,"cvvsatdssyklif"
"cvvsansggyqkvtf",97,"cvvsansggyqkvtf"
"cvvsaeqagtalif",98,"cvvsaeqagtalif"
"cvvspsggtalif",99,"cvvspsggtalif"
"cvvspgtalif",99,"cvvspgtalif"
"cvvsskgdgqkllf",100,"cvvsskgdgqkllf"
"cvvsgrsdgqkllf",101,"cvvsgrsdgqkllf"
"cvvskeaagnkltf",102,"cvvskeaagnkltf"
"cvvsssgaagnkltf",103,"cvvsssgaagnkltf"
"cvvtpaagnkltf",104,"cvvtpaagnkltf"
"cvggndyklsf",105,"cvggndyklsf"
"cvvssdndyklsf",106,"cvvssdndyklsf"
"cvvspfsndyklsf",107,"cvvspfsndyklsf"
"cvvkpndyklsf",106,"cvvkpndyklsf"
"cvvsvndyklsf",106,"cvvsvndyklsf"
"cvvrggqggklif",108,"cvvrggqggklif"
"cvvsainqggklif",109,"cvvsainqggklif"
"cvvrgtdswgklqf",110,"cvvrgtdswgklqf"
"cvvpnygqnfvf",111,"cvvpnygqnfvf"
"cvsgagsyqltf",112,"cvsgagsyqltf"
"cvvsarsgagsyqltf",113,"cvvsarsgagsyqltf"
"cvvspsragsyqltf",114,"cvvspsragsyqltf"
"cvvtknsgntplvf",115,"cvvtknsgntplvf"
"cvvtdifsgntplvf",116,"cvvtdifsgntplvf"
"cvvrppsgntplvf",117,"cvvrppsgntplvf"
"cvvtdfyssaskiif",118,"cvvtdfyssaskiif"
"cvvsagssaskiif",119,"cvvsagssaskiif"
"cvvsdlyssaskiif",118,"cvvsdlyssaskiif"
"cvvrynnarlmf",120,"cvvrynnarlmf"
"cvvtfnarlmf",120,"cvvtfnarlmf"
"cvvhnnarlmf",120,"cvvhnnarlmf"
"cvagnnnarlmf",121,"cvagnnnarlmf"
"cvvsapenyggatnklif",122,"cvvsapenyggatnklif"
"cvvslggatnklif",123,"cvvslggatnklif"
"cvvsynyqliw",124,"cvvsynyqliw"
"cvvlnlmdsnyqliw",125,"cvvlnlmdsnyqliw"
"cvvrahsnyqliw",126,"cvvrahsnyqliw"
"cvvsprtdklif",127,"cvvsprtdklif"
"cvvssiyntdklif",128,"cvvssiyntdklif"
"cvvsesfgnvlhc",129,"cvvsesfgnvlhc"
"cvvsaatgannlff",130,"cvvsaatgannlff"
"cvvsawsgannlff",130,"cvvsawsgannlff"
"cvvsvqtgannlff",130,"cvvsvqtgannlff"
"cvvsatnagnnrkliw",131,"cvvsatnagnnrkliw"
"cvvsaagsnmltf",132,"cvvsaagsnmltf"
"cvvranagnmltf",133,"cvvranagnmltf"
"cvvrgnagnmltf",133,"cvvrgnagnmltf"
"cvvsvgnagnmltf",133,"cvvsvgnagnmltf"
"cvvannagnmltf",133,"cvvannagnmltf"
"cvvssrwnagnmltf",134,"cvvssrwnagnmltf"
"cvvralggynklif",135,"cvvralggynklif"
"cvvrsggynklif",135,"cvvrsggynklif"
"cvvsdrsggynklif",135,"cvvsdrsggynklif"
"cvvpisggynklif",135,"cvvpisggynklif"
"cvvsdfggynklif",135,"cvvsdfggynklif"
"cvvsassgtykyif",136,"cvvsassgtykyif"
"cvvsagwtykyif",137,"cvvsagwtykyif"
"cvvdtgtykyif",138,"cvvdtgtykyif"
"cvvsaasgtykyif",136,"cvvsaasgtykyif"
"cvvsawssgtykyif",136,"cvvsawssgtykyif"
"cvvrvdgtykyif",139,"cvvrvdgtykyif"
"cvvsattsgtykyif",136,"cvvsattsgtykyif"
"cvvsvtsgtykyif",136,"cvvsvtsgtykyif"
"cvvknkggsgyalnf",140,"cvvknkggsgyalnf"
"cvvtrtgsgyalnf",141,"cvvtrtgsgyalnf"
"cvvsansgyalnf",142,"cvvsansgyalnf"
"cvaalmnyggsqgnlif",143,"cvaalmnyggsqgnlif"
"cvvsptatggsqgnlif",144,"cvvsptatggsqgnlif"
"cvvsgirgyggsqgnlif",145,"cvvsgirgyggsqgnlif"
"cvardyggsqgnlif",146,"cvardyggsqgnlif"
"cvvtsgindmrf",147,"cvvtsgindmrf"
"cvvsptgtaskltf",148,"cvvsptgtaskltf"
"cvvtrgreygnklvf",149,"cvvtrgreygnklvf"
"cvvnpkygnklvf",150,"cvvnpkygnklvf"
"cvvsesgnklvf",151,"cvvsesgnklvf"
"cvacfgnekltf",152,"cvacfgnekltf"
"cvvsaypfgnekltf",153,"cvvsaypfgnekltf"
"cvvilntgnqfyf",154,"cvvilntgnqfyf"
"cvvserlttsydkvif",155,"cvvserlttsydkvif"
"cvvsdpraggtsygkltf",156,"cvvsdpraggtsygkltf"
"cvvsairaggsyiptf",157,"cvvsairaggsyiptf"
"cvvtpsggsyiptf",158,"cvvtpsggsyiptf"
"cvvsglrnnrlaf",159,"cvvsglrnnrlaf"
"cvvslygnnrlaf",160,"cvvslygnnrlaf"
"cvvrggnnrlaf",161,"cvvrggnnrlaf"
"cvvsarsggnnrlaf",162,"cvvsarsggnnrlaf"
"cvvssdtgfqklvf",163,"cvvssdtgfqklvf"
"cvvssltggfqklvf",163,"cvvssltggfqklvf"
"cvvsylmntgfqklvf",164,"cvvsylmntgfqklvf"
"cvvsantggfktif",165,"cvvsantggfktif"
"cvvtsntggfktif",165,"cvvtsntggfktif"
"cvvptgggnkltf",166,"cvvptgggnkltf"
"cvevtgggnkltf",166,"cvevtgggnkltf"
"cvvksgggnkltf",166,"cvvksgggnkltf"
"cvvnqftgggnkltf",167,"cvvnqftgggnkltf"
"cvvgitgggnkltf",166,"cvvgitgggnkltf"
"cvvpgggnkltf",166,"cvvpgggnkltf"
"cvvnknsgystltf",168,"cvvnknsgystltf"
"cvvnggystltf",168,"cvvnggystltf"
"cvvpirprtltf",169,"cvvpirprtltf"
"cvalnsgystltf",168,"cvalnsgystltf"
"cvvnpsfmnsgystltf",170,"cvvnpsfmnsgystltf"
"cvvnlsreagystltf",171,"cvvnlsreagystltf"
"cvvltagystltf",172,"cvvltagystltf"
"cvvnsgystltf",168,"cvvnsgystltf"
"cvviqrgdssyklif",173,"cvviqrgdssyklif"
"cvasfpmdssyklif",174,"cvasfpmdssyklif"
"cvvnsmdssyklif",175,"cvvnsmdssyklif"
"cvvilmdssyklif",175,"cvvilmdssyklif"
"cvvnvdssyklif",175,"cvvnvdssyklif"
"cvvagldssyklif",175,"cvvagldssyklif"
"cvvnrdssyklif",175,"cvvnrdssyklif"
"cvvntdssyklif",175,"cvvntdssyklif"
"cvvngadssyklif",175,"cvvngadssyklif"
"cvvtlpggyqkvtf",176,"cvvtlpggyqkvtf"
"cvvnipggyqkvtf",176,"cvvnipggyqkvtf"
"cvvnrgggyqkvtf",176,"cvvnrgggyqkvtf"
"cvvtggyqkvtf",176,"cvvtggyqkvtf"
"cvvnsipggyqkvtf",176,"cvvnsipggyqkvtf"
"cvvkpsggyqkvtf",177,"cvvkpsggyqkvtf"
"cvvspyqkvtf",178,"cvvspyqkvtf"
"cvvnkgggyqkvtf",176,"cvvnkgggyqkvtf"
"cvvnqagtalif",179,"cvvnqagtalif"
"cvvntwagtalif",179,"cvvntwagtalif"
"cvvnskggtalif",179,"cvvnskggtalif"
"cvvnsqagtalif",179,"cvvnsqagtalif"
"cvvnlanqagtalif",179,"cvvnlanqagtalif"
"cvvnnqagtalif",179,"cvvnnqagtalif"
"cvvnkgqagtalif",179,"cvvnkgqagtalif"
"canqagtalif",179,"canqagtalif"
"cvvanqagtalif",179,"cvvanqagtalif"
"cvvngragtalif",179,"cvvngragtalif"
"cvvipfsdgqkllf",180,"cvvipfsdgqkllf"
"cvvdflsdgqkllf",181,"cvvdflsdgqkllf"
"cvvnnfsdgqkllf",180,"cvvnnfsdgqkllf"
"cvvrilaagnkltf",182,"cvvrilaagnkltf"
"cvvnkegaagnkltf",183,"cvvnkegaagnkltf"
"cvvnrqgeaagnkltf",184,"cvvnrqgeaagnkltf"
"cvvtpgagnkltf",185,"cvvtpgagnkltf"
"cvvsgwaagnkltf",186,"cvvsgwaagnkltf"
"cvgpsaagnkltf",187,"cvgpsaagnkltf"
"cvvrvrgstlgrlyf",188,"cvvrvrgstlgrlyf"
"cvvnmrdrgstlgrlyf",189,"cvvnmrdrgstlgrlyf"
"cvvnrggstlgrlyf",188,"cvvnrggstlgrlyf"
"cvvnlgstlgrlyf",188,"cvvnlgstlgrlyf"
"cvvnrgstlgrlyf",188,"cvvnrgstlgrlyf"
"cvvnspstlgrlyf",188,"cvvnspstlgrlyf"
"cvvnfddyklsf",190,"cvvnfddyklsf"
"cvvlrsndyklsf",191,"cvvlrsndyklsf"
"cvvnpgndyklsf",191,"cvvnpgndyklsf"
"cvvrpsndyklsf",191,"cvvrpsndyklsf"
"cvvnnyklsf",192,"cvvnnyklsf"
"cvvnvgdndyklsf",191,"cvvnvgdndyklsf"
"cvvstsndyklsf",191,"cvvstsndyklsf"
"cvvtssklsf",193,"cvvtssklsf"
"cvvnpynfnkfyf",194,"cvvnpynfnkfyf"
"cvvnmdnfnkfyf",194,"cvvnmdnfnkfyf"
"cvvnvlnfnkfyf",194,"cvvnvlnfnkfyf"
"cvvnpnnfnkfyf",194,"cvvnpnnfnkfyf"
"cvvgnfnkfyf",195,"cvvgnfnkfyf"
"cvvrnfnkfyf",195,"cvvrnfnkfyf"
"cvvnmnpsgsarqltf",196,"cvvnmnpsgsarqltf"
"cvvnakksgsarqltf",197,"cvvnakksgsarqltf"
"cvvtssgsarqltf",198,"cvvtssgsarqltf"
"cvvnepsgsarqltf",196,"cvvnepsgsarqltf"
"cvvlggsarqltf",199,"cvvlggsarqltf"
"cvvissgsarqltf",198,"cvvissgsarqltf"
"cvvdkspaarqltf",200,"cvvdkspaarqltf"
"cvapgklif",201,"cvapgklif"
"cvvdynqggklif",202,"cvvdynqggklif"
"cvvntynqggklif",202,"cvvntynqggklif"
"cvviynqggklif",202,"cvviynqggklif"
"cvvnkeggklif",203,"cvvnkeggklif"
"cvvilynqggklif",202,"cvvilynqggklif"
"cvvpsqggklif",204,"cvvpsqggklif"
"cvvnfynqggklif",202,"cvvnfynqggklif"
"cvvsplynqggklif",202,"cvvsplynqggklif"
"cvvnigswgklqf",205,"cvvnigswgklqf"
"cvvltdswgklqf",206,"cvvltdswgklqf"
"cvvnmgswgklqf",205,"cvvnmgswgklqf"
"cvvnwatdswgklqf",207,"cvvnwatdswgklqf"
"cvvkpatdswgklqf",207,"cvvkpatdswgklqf"
"cvvkvrrttdswgklqf",208,"cvvkvrrttdswgklqf"
"cvvrtdswgklqf",206,"cvvrtdswgklqf"
"cvvnlgenygqnfvf",209,"cvvnlgenygqnfvf"
"cvvnrdnygqnfvf",210,"cvvnrdnygqnfvf"
"cvvdnygqnfvf",210,"cvvdnygqnfvf"
"cvvniygqnfvf",210,"cvvniygqnfvf"
"cvvnlygqnfvf",210,"cvvnlygqnfvf"
"cvvrrdgqnfvf",210,"cvvrrdgqnfvf"
"cvvnplgqnfvf",210,"cvvnplgqnfvf"
"cvvnpygqnfvf",210,"cvvnpygqnfvf"
"cvvnrdygqnfvf",210,"cvvnrdygqnfvf"
"cvvslyygqnfvf",210,"cvvslyygqnfvf"
"cvvntnagkstf",211,"cvvntnagkstf"
"cvvnrlngagkstf",212,"cvvnrlngagkstf"
"cvviqsntnagkstf",213,"cvviqsntnagkstf"
"cvvtlgsysgagsyqltf",214,"cvvtlgsysgagsyqltf"
"cvvysgagsyqltf",215,"cvvysgagsyqltf"
"cvvntgagsyqltf",215,"cvvntgagsyqltf"
"cvvnpkeragsyqltf",216,"cvvnpkeragsyqltf"
"cvvniragsyqltf",215,"cvvniragsyqltf"
"cvvrglgagsyqltf",217,"cvvrglgagsyqltf"
"cvvntarrgntplvf",218,"cvvntarrgntplvf"
"cvvngpgntplvf",219,"cvvngpgntplvf"
"cvgsnsgntplvf",220,"cvgsnsgntplvf"
"cvvnrnsgntplvf",221,"cvvnrnsgntplvf"
"cvvnpgpsgntplvf",219,"cvvnpgpsgntplvf"
"cvvrrgntplvf",222,"cvvrrgntplvf"
"cvaemyssaskiif",223,"cvaemyssaskiif"
"cvvnakyssaskiif",224,"cvvnakyssaskiif"
"cvvnkgssaskiif",224,"cvvnkgssaskiif"
"cvvnkrdssaskiif",224,"cvvnkrdssaskiif"
"cvvnppssaskiif",224,"cvvnppssaskiif"
"cvvnrrssaskiif",224,"cvvnrrssaskiif"
"cvvnrvassaskiif",224,"cvvnrvassaskiif"
"cvprgddkiif",225,"cvprgddkiif"
"cvvnsgddkiif",226,"cvvnsgddkiif"
"cvvnkspmnrddkiif",227,"cvvnkspmnrddkiif"
"cvvnrdnnarlmf",228,"cvvnrdnnarlmf"
"cvvilsnnnarlmf",229,"cvvilsnnnarlmf"
"cvvnpinnarlmf",228,"cvvnpinnarlmf"
"cvvninnarlmf",228,"cvvninnarlmf"
"cvvnlnnarlmf",228,"cvvnlnnarlmf"
"cvvtgdnnarlmf",228,"cvvtgdnnarlmf"
"cvvprgnnarlmf",228,"cvvprgnnarlmf"
"cvvnnnnarlmf",228,"cvvnnnnarlmf"
"cvvngnnnarlmf",228,"cvvngnnnarlmf"
"cvvnmrnnnarlmf",228,"cvvnmrnnnarlmf"
"cvvyvgdnnarlmf",228,"cvvyvgdnnarlmf"
"cvvnirnnnarlmf",228,"cvvnirnnnarlmf"
"cvvkdnyggatnklif",230,"cvvkdnyggatnklif"
"cvgggatnklif",230,"cvgggatnklif"
"cvvtgggatnklif",230,"cvvtgggatnklif"
"cvvnprgyggatnklif",231,"cvvnprgyggatnklif"
"cvvndggatnklif",230,"cvvndggatnklif"
"cvvsrggatnklif",230,"cvvsrggatnklif"
"cvvnyggatnklif",230,"cvvnyggatnklif"
"cvvnrgsnyqliw",232,"cvvnrgsnyqliw"
"cvvnkgsnyqliw",232,"cvvnkgsnyqliw"
"cvpisnyqliw",233,"cvpisnyqliw"
"cvvnkggsnyqliw",232,"cvvnkggsnyqliw"
"cvvrantdklif",234,"cvvrantdklif"
"cvasppyntdklif",235,"cvasppyntdklif"
"cvvstyntdklif",236,"cvvstyntdklif"
"cvpgntdklif",237,"cvpgntdklif"
"cvvnwdntdklif",238,"cvvnwdntdklif"
"cvvnslstdklif",239,"cvvnslstdklif"
"cvvtigfgnvlhc",240,"cvvtigfgnvlhc"
"cspwgfgnvlhc",241,"cspwgfgnvlhc"
"cvvkgfgnvlhc",240,"cvvkgfgnvlhc"
"cvvngaltgannlff",242,"cvvngaltgannlff"
"cvvnkggannlff",243,"cvvnkggannlff"
"cvvpqtgannlff",244,"cvvpqtgannlff"
"cvvngrssntgklif",245,"cvvngrssntgklif"
"cvvhgssntgklif",245,"cvvhgssntgklif"
"cvlssntgklif",246,"cvlssntgklif"
"cvvirsgntgklif",247,"cvvirsgntgklif"
"cvvrgdtgklif",248,"cvvrgdtgklif"
"cvvniasgntgklif",247,"cvvniasgntgklif"
"cvvnmelsntgklif",249,"cvvnmelsntgklif"
"cvvtavssntgklif",250,"cvvtavssntgklif"
"cvvnkrssntgklif",245,"cvvnkrssntgklif"
"cvvnvagnnrkliw",251,"cvvnvagnnrkliw"
"cvvnpgnnrkliw",251,"cvvnpgnnrkliw"
"cvvtdagnnrkliw",251,"cvvtdagnnrkliw"
"cvvnagnnrkliw",251,"cvvnagnnrkliw"
"cvvpagnnrkliw",251,"cvvpagnnrkliw"
"cvvnlaagnnrkliw",251,"cvvnlaagnnrkliw"
"cvvnpnagnnrkliw",251,"cvvnpnagnnrkliw"
"cvvnvnagnnrkliw",251,"cvvnvnagnnrkliw"
"cvvrrgagnmltf",252,"cvvrrgagnmltf"
"cvvsagnmltf",253,"cvvsagnmltf"
"cvvtksnnagnmltf",254,"cvvtksnnagnmltf"
"cvvryynagnmltf",255,"cvvryynagnmltf"
"cvvnppnagnmltf",256,"cvvnppnagnmltf"
"cvvnrggynklif",257,"cvvnrggynklif"
"cvvntggynklif",257,"cvvntggynklif"
"cvvnglggynklif",257,"cvvnglggynklif"
"cvvrtggynklif",257,"cvvrtggynklif"
"cvvnrgggynklif",257,"cvvnrgggynklif"
"cvvyhggynklif",257,"cvvyhggynklif"
"cvvnsggynklif",257,"cvvnsggynklif"
"cvgegvsggynklif",258,"cvgegvsggynklif"
"cvvtggynklif",257,"cvvtggynklif"
"cvvnspsggynklif",257,"cvvnspsggynklif"
"cvvssggynklif",257,"cvvssggynklif"
"cvvdrggtykyif",259,"cvvdrggtykyif"
"cvvnirvsgtykyif",260,"cvvnirvsgtykyif"
"cvvrsagtykyif",261,"cvvrsagtykyif"
"cveysgtykyif",262,"cveysgtykyif"
"cvvnsgrgsgtykyif",263,"cvvnsgrgsgtykyif"
"cvvnpsgtykyif",264,"cvvnpsgtykyif"
"cvvneqtgtykyif",265,"cvvneqtgtykyif"
"cvvlgttsgtykyif",266,"cvvlgttsgtykyif"
"cvvnmpfsgtykyif",264,"cvvnmpfsgtykyif"
"cvvitsgtykyif",264,"cvvitsgtykyif"
"cvvnspsgtykyif",264,"cvvnspsgtykyif"
"cvvstsgtykyif",264,"cvvstsgtykyif"
"cvvnsnsgyalnf",267,"cvvnsnsgyalnf"
"cvvnmgysgyalnf",268,"cvvnmgysgyalnf"
"cvvsqinsgyalnf",269,"cvvsqinsgyalnf"
"cvdggsqgnlif",270,"cvdggsqgnlif"
"cvvnigfgggsqgnlif",271,"cvvnigfgggsqgnlif"
"cvvnergsqgnlif",272,"cvvnergsqgnlif"
"cvvlnyggsqgnlif",273,"cvvlnyggsqgnlif"
"cvvndrsqgnlif",272,"cvvndrsqgnlif"
"cvvnihggsqgnlif",273,"cvvnihggsqgnlif"
"cvvrppggsqgnlif",274,"cvvrppggsqgnlif"
"cvvnnyggsqgnlif",273,"cvvnnyggsqgnlif"
"cvvgrargsqgnlif",275,"cvvgrargsqgnlif"
"cvvdradggsqgnlif",276,"cvvdradggsqgnlif"
"cvvnmgtgsqgnlif",277,"cvvnmgtgsqgnlif"
"cvvntqggsqgnlif",273,"cvvntqggsqgnlif"
"cvvvirgsqgnlif",272,"cvvvirgsqgnlif"
"cvvnlndmrf",278,"cvvnlndmrf"
"cvvslnndmrf",278,"cvvslnndmrf"
"cvvnmvnnndmrf",278,"cvvnmvnnndmrf"
"calrnnndmrf",279,"calrnnndmrf"
"cvvnernnndmrf",278,"cvvnernnndmrf"
"cvvnsrnndmrf",278,"cvvnsrnndmrf"
"cvaynnndmrf",280,"cvaynnndmrf"
"cvvnagtaskltf",281,"cvvnagtaskltf"
"cvvptgtaskltf",281,"cvvptgtaskltf"
"cvvniagadgltf",282,"cvvniagadgltf"
"cvvnlrfltf",283,"cvvnlrfltf"
"cvvnggggadgltf",284,"cvvnggggadgltf"
"cvvtgggadgltf",284,"cvvtgggadgltf"
"cvvnpsgggadgltf",284,"cvvnpsgggadgltf"
"cvvprpggadgltf",285,"cvvprpggadgltf"
"cvvnkngnklvf",286,"cvvnkngnklvf"
"cvvrygnklvf",286,"cvvrygnklvf"
"cvvniggnklvf",286,"cvvniggnklvf"
"cvveeygnklvf",286,"cvveeygnklvf"
"cvvnkggnklvf",286,"cvvnkggnklvf"
"cvvnvpnklvf",287,"cvvnvpnklvf"
"cvveqygnklvf",286,"cvveqygnklvf"
"cvvesngnklvf",286,"cvvesngnklvf"
"cvaprkltf",288,"cvaprkltf"
"cvvngnfgnekltf",289,"cvvngnfgnekltf"
"cvvtytgnqfyf",290,"cvvtytgnqfyf"
"cvvnkdnqfyf",290,"cvvnkdnqfyf"
"cvvtlytgnqfyf",290,"cvvtlytgnqfyf"
"cvvnemgnqfyf",290,"cvvnemgnqfyf"
"cvvnkggnqfyf",290,"cvvnkggnqfyf"
"cvvnirnqfyf",290,"cvvnirnqfyf"
"cvvnrgnqfyf",290,"cvvnrgnqfyf"
"cvvniqgnqfyf",290,"cvvniqgnqfyf"
"cvvntgnqfyf",290,"cvvntgnqfyf"
"cvardfsntgnqfyf",291,"cvardfsntgnqfyf"
"cvvnrdtgrraltf",292,"cvvnrdtgrraltf"
"cvvnsvytgrraltf",293,"cvvnsvytgrraltf"
"cvvndirraltf",294,"cvvndirraltf"
"cvvprldtgrraltf",292,"cvvprldtgrraltf"
"cvvtadtgrraltf",292,"cvvtadtgrraltf"
"cvvpvqggrraltf",295,"cvvpvqggrraltf"
"cvvpsfmdtgrraltf",296,"cvvpsfmdtgrraltf"
"cvvnfltgrraltf",292,"cvvnfltgrraltf"
"cvvlsmdtgrraltf",296,"cvvlsmdtgrraltf"
"cvvnrptsydkvif",297,"cvvnrptsydkvif"
"cvvktsydkvif",298,"cvvktsydkvif"
"cvgpyydkvif",299,"cvgpyydkvif"
"cvveaggtsygkltf",300,"cvveaggtsygkltf"
"cvvngggsnykltf",301,"cvvngggsnykltf"
"cagggsnykltf",302,"cagggsnykltf"
"cvvnmggsnykltf",301,"cvvnmggsnykltf"
"cvvmiqgaqklvf",303,"cvvmiqgaqklvf"
"cvvlqgaqklvf",303,"cvvlqgaqklvf"
"cvvntqgaqklvf",303,"cvvntqgaqklvf"
"cvvketsgsrltf",304,"cvvketsgsrltf"
"cvvtasggsyiptf",305,"cvvtasggsyiptf"
"cvvngasggsyiptf",305,"cvvngasggsyiptf"
"cvvtfasggsyiptf",305,"cvvtfasggsyiptf"
"cvvngpasggsyiptf",305,"cvvngpasggsyiptf"
"cvvppsggsyiptf",305,"cvvppsggsyiptf"
"cvvnippsggsyiptf",305,"cvvnippsggsyiptf"
"cvvpasggsyiptf",305,"cvvpasggsyiptf"
"cvvtlsggsyiptf",305,"cvvtlsggsyiptf"
"cvvtlpggsyiptf",305,"cvvtlpggsyiptf"
"cvaeggsyiptf",306,"cvaeggsyiptf"
"cvvtppvntgfqklvf",307,"cvvtppvntgfqklvf"
"cvvntgfqklvf",308,"cvvntgfqklvf"
"cvvnqgpntgfqklvf",309,"cvvnqgpntgfqklvf"
"cvvytgfqklvf",308,"cvvytgfqklvf"
"cvvrgntgfqklvf",308,"cvvrgntgfqklvf"
"cvvtglntgfqklvf",308,"cvvtglntgfqklvf"
"cvvnpgtgfqklvf",308,"cvvnpgtgfqklvf"
"cvvnlpggfktif",310,"cvvnlpggfktif"
"cvvirggfktif",310,"cvvirggfktif"
"cvvdytggfktif",310,"cvvdytggfktif"
"cvvnigtggfktif",310,"cvvnigtggfktif"
"cvvkpggfktif",310,"cvvkpggfktif"
"cvvtfntggfktif",310,"cvvtfntggfktif"
"cvvnnpaggfktif",310,"cvvnnpaggfktif"
"cvaerdtggfktif",311,"cvaerdtggfktif"
"cvviytggfktif",310,"cvviytggfktif"
"cvvrgntggfktif",310,"cvvrgntggfktif"
"cvvytggfktif",310,"cvvytggfktif"
"cvvngpggfktif",310,"cvvngpggfktif"
"cvvaggtggfktif",310,"cvvaggtggfktif"
"cvvtntggfktif",310,"cvvtntggfktif"
"cvvndlntggfktif",312,"cvvndlntggfktif"
"cvvnkaggfktif",310,"cvvnkaggfktif"
"caasgggggnkltf",313,"caasgggggnkltf"
"caviltgggnkltf",314,"caviltgggnkltf"
"cavsgrgnkltf",315,"cavsgrgnkltf"
"caprggggnkltf",316,"caprggggnkltf"
"capkgvtgggnkltf",317,"capkgvtgggnkltf"
"cavisgystltf",318,"cavisgystltf"
"cavkgystltf",318,"cavkgystltf"
"cavaysgystltf",318,"cavaysgystltf"
"cavnaagystltf",319,"cavnaagystltf"
"capgrmdssyklif",320,"capgrmdssyklif"
"cavnlisggyqkvtf",321,"cavnlisggyqkvtf"
"cavkdsggyqkvtf",321,"cavkdsggyqkvtf"
"cavtasggyqkvtf",321,"cavtasggyqkvtf"
"cavnfsggyqkvtf",321,"cavnfsggyqkvtf"
"cavkagggyqkvtf",321,"cavkagggyqkvtf"
"cavntpfggyqkvtf",322,"cavntpfggyqkvtf"
"cavraggyqkvtf",321,"cavraggyqkvtf"
"cavnrdggyqkvtf",321,"cavnrdggyqkvtf"
"caknqagtalif",323,"caknqagtalif"
"cavdnqagtalif",323,"cavdnqagtalif"
"cavnfinqagtalif",324,"cavnfinqagtalif"
"cavngeagtalif",323,"cavngeagtalif"
"cavvgqagtalif",323,"cavvgqagtalif"
"cavlgsdgqkllf",325,"cavlgsdgqkllf"
"cavsdgqkllf",325,"cavsdgqkllf"
"cavkraagnkltf",326,"cavkraagnkltf"
"capraagnkltf",326,"capraagnkltf"
"cavdpkaagnkltf",326,"cavdpkaagnkltf"
"caviegaagnkltf",326,"caviegaagnkltf"
"cavnqdkaagnkltf",327,"cavnqdkaagnkltf"
"cavttgnkltf",328,"cavttgnkltf"
"cavvkaagnkltf",326,"cavvkaagnkltf"
"cavkgaagnkltf",326,"cavkgaagnkltf"
"caveggstlgrlyf",329,"caveggstlgrlyf"
"cavnrrgstlgrlyf",329,"cavnrrgstlgrlyf"
"cavrgprgtprgstlgrlyf",330,"cavrgprgtprgstlgrlyf"
"caviprgrgstlgrlyf",331,"caviprgrgstlgrlyf"
"cavnrgstlgrlyf",329,"cavnrgstlgrlyf"
"cavngndyklsf",332,"cavngndyklsf"
"cavtsndyklsf",332,"cavtsndyklsf"
"cavvspndyklsf",332,"cavvspndyklsf"
"cavnddyklsf",332,"cavnddyklsf"
"cavtesndyklsf",332,"cavtesndyklsf"
"cavkgdyklsf",332,"cavkgdyklsf"
"cavnpndyklsf",332,"cavnpndyklsf"
"cavnrndyklsf",332,"cavnrndyklsf"
"cavngynfnkfyf",333,"cavngynfnkfyf"
"cavnvfnkfyf",334,"cavnvfnkfyf"
"caqgdnfnkfyf",335,"caqgdnfnkfyf"
"cavknfnkfyf",334,"cavknfnkfyf"
"cavnegsrnfnkfyf",336,"cavnegsrnfnkfyf"
"cavhglfgsgsarqltf",337,"cavhglfgsgsarqltf"
"caggggsarqltf",338,"caggggsarqltf"
"cagasgsarqltf",338,"cagasgsarqltf"
"callggsarqltf",338,"callggsarqltf"
"cavskdsarqltf",339,"cavskdsarqltf"
"caswggsarqltf",338,"caswggsarqltf"
"cavigssarqltf",340,"cavigssarqltf"
"cavtasgsarqltf",338,"cavtasgsarqltf"
"caakptsgsarqltf",341,"caakptsgsarqltf"
"calvpissgsarqltf",342,"calvpissgsarqltf"
"cavignqggklif",343,"cavignqggklif"
"cavmvskggklif",344,"cavmvskggklif"
"cavdynqggklif",343,"cavdynqggklif"
"cavnqggklif",343,"cavnqggklif"
"cavlynqggklif",343,"cavlynqggklif"
"cavkrnqggklif",343,"cavkrnqggklif"
"cavtvdqggklif",345,"cavtvdqggklif"
"cavkgdswgklqf",346,"cavkgdswgklqf"
"casqrgswgklqf",347,"casqrgswgklqf"
"cavvstdswgklqf",348,"cavvstdswgklqf"
"cavkgtagklqf",349,"cavkgtagklqf"
"cavksswgklqf",346,"cavksswgklqf"
"cavgadswgklqf",346,"cavgadswgklqf"
"cavtrgeatdswgklqf",350,"cavtrgeatdswgklqf"
"cavnpygqnfvf",351,"cavnpygqnfvf"
"caalgrgqnfvf",352,"caalgrgqnfvf"
"casntnagkstf",353,"casntnagkstf"
"cavrtnagkstf",353,"cavrtnagkstf"
"cavnrgnagkstf",353,"cavnrgnagkstf"
"cavsgagsyqltf",354,"cavsgagsyqltf"
"cavtgagsyqltf",354,"cavtgagsyqltf"
"caasgagsyqltf",354,"caasgagsyqltf"
"cavnqdsgagsyqltf",355,"cavnqdsgagsyqltf"
"cavgvgntplvf",356,"cavgvgntplvf"
"cavnfsgntplvf",357,"cavnfsgntplvf"
"cavrrntplvf",358,"cavrrntplvf"
"cavnidwgntplvf",359,"cavnidwgntplvf"
"caqkagntplvf",360,"caqkagntplvf"
"cavyrsgntplvf",357,"cavyrsgntplvf"
"cavegssaskiif",361,"cavegssaskiif"
"caviwgssaskiif",361,"caviwgssaskiif"
"caglyssaskiif",361,"caglyssaskiif"
"cavtsgyssaskiif",362,"cavtsgyssaskiif"
"cavyssaskiif",361,"cavyssaskiif"
"caprlnrddkiif",363,"caprlnrddkiif"
"cavnlmnrddkiif",364,"cavnlmnrddkiif"
"cavgddkiif",365,"cavgddkiif"
"cavnrigddkiif",366,"cavnrigddkiif"
"cavnlrrddkiif",364,"cavnlrrddkiif"
"cavmrnrddkiif",367,"cavmrnrddkiif"
"cavkearlmf",368,"cavkearlmf"
"cavgrnnarlmf",369,"cavgrnnarlmf"
"cavntarlmf",368,"cavntarlmf"
"cavnydnnarlmf",370,"cavnydnnarlmf"
"capqrdnnarlmf",371,"capqrdnnarlmf"
"cavyryggatnklif",372,"cavyryggatnklif"
"cavnnyggatnklif",372,"cavnnyggatnklif"
"caatnklif",373,"caatnklif"
"cavtsmdsnyqliw",374,"cavtsmdsnyqliw"
"cavardsnyqliw",375,"cavardsnyqliw"
"cagiggtdklif",376,"cagiggtdklif"
"cavtwntdklif",377,"cavtwntdklif"
"cavndveggtdklif",378,"cavndveggtdklif"
"cavsgagntdklif",379,"cavsgagntdklif"
"cavryntdklif",377,"cavryntdklif"
"cavgtntdklif",377,"cavgtntdklif"
"cavndqsfgnvlhc",380,"cavndqsfgnvlhc"
"cavnhrgfgnvlhc",381,"cavnhrgfgnvlhc"
"cavavfgnvlhc",382,"cavavfgnvlhc"
"cavgfgnvlhc",382,"cavgfgnvlhc"
"cavlpgannlff",383,"cavlpgannlff"
"cavnqgtgannlff",384,"cavnqgtgannlff"
"cavfesgannlff",385,"cavfesgannlff"
"cavniagannlff",386,"cavniagannlff"
"cavnsgssntgklif",387,"cavnsgssntgklif"
"cavnlasntgklif",388,"cavnlasntgklif"
"cavmpsntgklif",389,"cavmpsntgklif"
"cavnkgssntgklif",387,"cavnkgssntgklif"
"cavniagssntgklif",387,"cavniagssntgklif"
"cavtfssntgklif",390,"cavtfssntgklif"
"cavnigssntgklif",387,"cavnigssntgklif"
"catpssntgklif",390,"catpssntgklif"
"cavnpgssntgklif",387,"cavnpgssntgklif"
"cavnagnnrkliw",391,"cavnagnnrkliw"
"casdnagnmltf",392,"casdnagnmltf"
"cavrermfsggynklif",393,"cavrermfsggynklif"
"cavisggynklif",394,"cavisggynklif"
"cagggfsggynklif",395,"cagggfsggynklif"
"cavnggpggynklif",396,"cavnggpggynklif"
"cavnnklif",397,"cavnnklif"
"caaqppggynklif",398,"caaqppggynklif"
"capkgtykyif",399,"capkgtykyif"
"cavqnsgtykyif",399,"cavqnsgtykyif"
"caarktssgtykyif",400,"caarktssgtykyif"
"cavspgtykyif",399,"cavspgtykyif"
"cavnagtykyif",399,"cavnagtykyif"
"cavkgagtykyif",399,"cavkgagtykyif"
"cavnpgtykyif",399,"cavnpgtykyif"
"cavppgtykyif",399,"cavppgtykyif"
"cagaragyalnf",401,"cagaragyalnf"
"cavnrwdsgyalnf",402,"cavnrwdsgyalnf"
"cavthyggsqgnlif",403,"cavthyggsqgnlif"
"cavkgggsqgnlif",404,"cavkgggsqgnlif"
"cavnsgggsqgnlif",404,"cavnsgggsqgnlif"
"cavnslggsqgnlif",404,"cavnslggsqgnlif"
"cavnvgyggsqgnlif",404,"cavnvgyggsqgnlif"
"cavnmlrgsqgnlif",404,"cavnmlrgsqgnlif"
"capkggsqgnlif",404,"capkggsqgnlif"
"caatsidyggsqgnlif",405,"caatsidyggsqgnlif"
"cavnsnyggsqgnlif",404,"cavnsnyggsqgnlif"
"casragndmrf",406,"casragndmrf"
"cavlrnnndmrf",407,"cavlrnnndmrf"
"cavvpnndmrf",408,"cavvpnndmrf"
"cagqtgtaskltf",409,"cagqtgtaskltf"
"cavgtgtaskltf",409,"cavgtgtaskltf"
"caaspgggadgltf",410,"caaspgggadgltf"
"cavnlgggadgltf",411,"cavnlgggadgltf"
"cavqwnsgggadgltf",412,"cavqwnsgggadgltf"
"capggggadgltf",413,"capggggadgltf"
"cavtlysgggadgltf",414,"cavtlysgggadgltf"
"caaeygnklvf",415,"caaeygnklvf"
"cavnrygnklvf",416,"cavnrygnklvf"
"cavsggnklvf",417,"cavsggnklvf"
"caggrgfgnekltf",418,"caggrgfgnekltf"
"cavnfgnekltf",419,"cavnfgnekltf"
"cavkrfgnekltf",419,"cavkrfgnekltf"
"cavvlsnfgnekltf",420,"cavvlsnfgnekltf"
"cavngagfgnekltf",421,"cavngagfgnekltf"
"cavnlifgnekltf",419,"cavnlifgnekltf"
"cavmidfgnekltf",422,"cavmidfgnekltf"
"cavnmygnekltf",419,"cavnmygnekltf"
"cavrntgnqfyf",423,"cavrntgnqfyf"
"cavngnqfyf",423,"cavngnqfyf"
"caaqrantgnqfyf",424,"caaqrantgnqfyf"
"cagnnqfyf",423,"cagnnqfyf"
"cavnkkttgnqfyf",425,"cavnkkttgnqfyf"
"cavragtgnqfyf",423,"cavragtgnqfyf"
"cavrdtgrraltf",426,"cavrdtgrraltf"
"cavneehtgrraltf",427,"cavneehtgrraltf"
"cavsgtgrraltf",426,"cavsgtgrraltf"
"cavkqsrdtgrraltf",428,"cavkqsrdtgrraltf"
"cavnrpdtgrraltf",426,"cavnrpdtgrraltf"
"calkrlpnaggtsygkltf",429,"calkrlpnaggtsygkltf"
"cavkqaggtsygkltf",430,"cavkqaggtsygkltf"
"cavnaggtsygkltf",430,"cavnaggtsygkltf"
"cagdnaggtsygkltf",430,"cagdnaggtsygkltf"
"cavnsfnaggtsygkltf",431,"cavnsfnaggtsygkltf"
"caviyaggtsygkltf",430,"caviyaggtsygkltf"
"cavaggtsygkltf",430,"cavaggtsygkltf"
"cavrnsgtsygkltf",432,"cavrnsgtsygkltf"
"cavgvsggsnykltf",433,"cavgvsggsnykltf"
"cavswggsnykltf",433,"cavswggsnykltf"
"cavnsggsnykltf",433,"cavnsggsnykltf"
"cavtkvgggsnykltf",433,"cavtkvgggsnykltf"
"cavrggsnykltf",433,"cavrggsnykltf"
"cavnkgggsnykltf",433,"cavnkgggsnykltf"
"cavdgkgaqklvf",434,"cavdgkgaqklvf"
"cavnpplqgaqklvf",435,"cavnpplqgaqklvf"
"cavpiiqgaqklvf",436,"cavpiiqgaqklvf"
"caailqggseklvf",437,"caailqggseklvf"
"cavmgrasgsrltf",438,"cavmgrasgsrltf"
"cavnrsggsyiptf",439,"cavnrsggsyiptf"
"cavrasggsyiptf",439,"cavrasggsyiptf"
"cavngrtggsyiptf",439,"cavngrtggsyiptf"
"capnygnnrlaf",440,"capnygnnrlaf"
"cavkgnnrlaf",441,"cavkgnnrlaf"
"cavlpgpygnnrlaf",442,"cavlpgpygnnrlaf"
"cavnlmntgfqklvf",443,"cavnlmntgfqklvf"
"cavvdygfqklvf",444,"cavvdygfqklvf"
"cavnintgfqklvf",443,"cavnintgfqklvf"
"cavkmgfqklvf",445,"cavkmgfqklvf"
"cavggfqklvf",445,"cavggfqklvf"
"cavegagfqklvf",445,"cavegagfqklvf"
"cavphtgfqklvf",446,"cavphtgfqklvf"
"caagfqklvf",445,"caagfqklvf"
"caaegtggfktif",447,"caaegtggfktif"
"cavmgtggfktif",447,"cavmgtggfktif"
"capagggfktif",448,"capagggfktif"
"cavhtggfktif",447,"cavhtggfktif"
"caventggfktif",447,"caventggfktif"
"cavrdtggfktif",447,"cavrdtggfktif"
"caaytggfktif",447,"caaytggfktif"
"caantggfktif",447,"caantggfktif"
"cavnvpggfktif",449,"cavnvpggfktif"
"camksqgggnkltf",450,"camksqgggnkltf"
"camsatgggnkltf",451,"camsatgggnkltf"
"camsggvtgggnkltf",452,"camsggvtgggnkltf"
"camiltgggnkltf",451,"camiltgggnkltf"
"cddsrggnkltf",453,"cddsrggnkltf"
"camsavpgggnkltf",451,"camsavpgggnkltf"
"camsytgggnkltf",451,"camsytgggnkltf"
"cafftgggnkltf",454,"cafftgggnkltf"
"caaqpgggnkltf",455,"caaqpgggnkltf"
"camqepgggnkltf",455,"camqepgggnkltf"
"camsttgggnkltf",451,"camsttgggnkltf"
"camtrdpgggnkltf",456,"camtrdpgggnkltf"
"camsvgrgystltf",457,"camsvgrgystltf"
"camsggpdssyklif",458,"camsggpdssyklif"
"camtpsggyqkvtf",459,"camtpsggyqkvtf"
"camsarggyqkvtf",459,"camsarggyqkvtf"
"camsewtsyqkvtf",460,"camsewtsyqkvtf"
"camrgsggyqkvtf",459,"camrgsggyqkvtf"
"camsfsggyqkvtf",459,"camsfsggyqkvtf"
"camspppsggyqkvtf",461,"camspppsggyqkvtf"
"camtlqagtalif",462,"camtlqagtalif"
"casvnqagtalif",463,"casvnqagtalif"
"camrranqagtalif",464,"camrranqagtalif"
"camsgagtalif",465,"camsgagtalif"
"caipegqkllf",466,"caipegqkllf"
"cafergqkllf",467,"cafergqkllf"
"caiiighagnkltf",468,"caiiighagnkltf"
"caikaagnkltf",469,"caikaagnkltf"
"callvaagnkltf",470,"callvaagnkltf"
"camsagaagnkltf",469,"camsagaagnkltf"
"camsikaagnkltf",469,"camsikaagnkltf"
"camspkaagnkltf",469,"camspkaagnkltf"
"camspgggstlgrlyf",471,"camspgggstlgrlyf"
"cavrsndyklsf",472,"cavrsndyklsf"
"cairfnkfyf",473,"cairfnkfyf"
"camplsgsarqltf",474,"camplsgsarqltf"
"camsassgsarqltf",474,"camsassgsarqltf"
"camsasgsarqltf",474,"camsasgsarqltf"
"camslsgsarqltf",474,"camslsgsarqltf"
"camsgrgsarqltf",474,"camsgrgsarqltf"
"cassgsarqltf",474,"cassgsarqltf"
"camsaagsarqltf",474,"camsaagsarqltf"
"camsggsarqltf",474,"camsggsarqltf"
"camslpsgsarqltf",474,"camslpsgsarqltf"
"camslnqggklif",475,"camslnqggklif"
"camrfnqggklif",475,"camrfnqggklif"
"camgvggqggklif",476,"camgvggqggklif"
"camkdnqggklif",475,"camkdnqggklif"
"cammnnqggklif",475,"cammnnqggklif"
"camratdswgklqf",477,"camratdswgklqf"
"casstdswgklqf",478,"casstdswgklqf"
"castdswgklqf",478,"castdswgklqf"
"camsadygqnfvf",479,"camsadygqnfvf"
"camadygqnfvf",479,"camadygqnfvf"
"camssdnygqnfvf",479,"camssdnygqnfvf"
"camsasdnygqnfvf",479,"camsasdnygqnfvf"
"camsdnygqnfvf",479,"camsdnygqnfvf"
"camspntnagkstf",480,"camspntnagkstf"
"camttnagkstf",480,"camttnagkstf"
"calargntnagkstf",481,"calargntnagkstf"
"camsertnagkstf",480,"camsertnagkstf"
"camsvgntnagkstf",480,"camsvgntnagkstf"
"camsdtnagkstf",480,"camsdtnagkstf"
"camsftysgagsyqltf",482,"camsftysgagsyqltf"
"caltggagsyqltf",482,"caltggagsyqltf"
"camsrsgagsyqltf",482,"camsrsgagsyqltf"
"camtsgagsyqltf",482,"camtsgagsyqltf"
"camtysgagsyqltf",482,"camtysgagsyqltf"
"camtfnsgagsyqltf",482,"camtfnsgagsyqltf"
"camspfgentplvf",483,"camspfgentplvf"
"camsrsgntplvf",484,"camsrsgntplvf"
"camirtggntplvf",485,"camirtggntplvf"
"camsepgntplvf",484,"camsepgntplvf"
"camsapgntplvf",484,"camsapgntplvf"
"cailsgntplvf",486,"cailsgntplvf"
"camstpgyssaskiif",487,"camstpgyssaskiif"
"camrpssaskiif",487,"camrpssaskiif"
"camsayssaskiif",487,"camsayssaskiif"
"camrvrssaskiif",487,"camrvrssaskiif"
"camtlyssaskiif",487,"camtlyssaskiif"
"camsgryssaskiif",487,"camsgryssaskiif"
"camrpyssaskiif",487,"camrpyssaskiif"
"camspyssaskiif",487,"camspyssaskiif"
"caprgssaskiif",487,"caprgssaskiif"
"camsrlddkiif",488,"camsrlddkiif"
"camnnnarlmf",489,"camnnnarlmf"
"camtlnnarlmf",489,"camtlnnarlmf"
"caisnnarlmf",489,"caisnnarlmf"
"cavglnarlmf",490,"cavglnarlmf"
"camsvdnnarlmf",491,"camsvdnnarlmf"
"camtfrarlmf",492,"camtfrarlmf"
"camrnnarlmf",489,"camrnnarlmf"
"camsaegnnnarlmf",493,"camsaegnnnarlmf"
"cappprgatnklif",494,"cappprgatnklif"
"camsrggatnklif",495,"camsrggatnklif"
"camsgyggatnklif",495,"camsgyggatnklif"
"camseygatnklif",495,"camseygatnklif"
"camtyggatnklif",495,"camtyggatnklif"
"camsvssnyqliw",496,"camsvssnyqliw"
"camedsnyqliw",497,"camedsnyqliw"
"camnqgsnyqliw",498,"camnqgsnyqliw"
"caiwrnyqliw",499,"caiwrnyqliw"
"camlytdklif",500,"camlytdklif"
"camsddtdklif",501,"camsddtdklif"
"camsggntdklif",501,"camsggntdklif"
"camseggntdklif",501,"camseggntdklif"
"camsentdklif",501,"camsentdklif"
"camsargfgnvlhc",502,"camsargfgnvlhc"
"camlgegfgnvlhc",503,"camlgegfgnvlhc"
"camrlsggannlff",504,"camrlsggannlff"
"camrltgannlff",504,"camrltgannlff"
"camsvtgannlff",504,"camsvtgannlff"
"catdgssntgklif",505,"catdgssntgklif"
"camsaggnagnnrkliw",506,"camsaggnagnnrkliw"
"camseragnnrkliw",507,"camseragnnrkliw"
"camngnnagnmltf",508,"camngnnagnmltf"
"carnnagnmltf",508,"carnnagnmltf"
"caminnagnmltf",508,"caminnagnmltf"
"camkrvnagnmltf",509,"camkrvnagnmltf"
"camregnagnmltf",510,"camregnagnmltf"
"camresnagnmltf",510,"camresnagnmltf"
"caqnnnagnmltf",508,"caqnnnagnmltf"
"caldlisggynklif",511,"caldlisggynklif"
"cammktggynklif",512,"cammktggynklif"
"camthsggynklif",513,"camthsggynklif"
"camsgplfsggynklif",514,"camsgplfsggynklif"
"camslisggynklif",511,"camslisggynklif"
"camtpsgtykyif",515,"camtpsgtykyif"
"camshpgtykyif",516,"camshpgtykyif"
"camsaggsgtykyif",517,"camsaggsgtykyif"
"cavstnsgyalnf",518,"cavstnsgyalnf"
"camgggsqgnlif",519,"camgggsqgnlif"
"camraggsqgnlif",519,"camraggsqgnlif"
"camsvgndmrf",520,"camsvgndmrf"
"camspsynnndmrf",521,"camspsynnndmrf"
"camgnndmrf",522,"camgnndmrf"
"campdnndmrf",522,"campdnndmrf"
"camrvqnndmrf",523,"camrvqnndmrf"
"camsgtgtaskltf",524,"camsgtgtaskltf"
"cathtgtaskltf",524,"cathtgtaskltf"
"camtltgtaskltf",524,"camtltgtaskltf"
"camrwveggadgltf",525,"camrwveggadgltf"
"camdgnklvf",526,"camdgnklvf"
"camspeygnklvf",527,"camspeygnklvf"
"catsgwgnklvf",528,"catsgwgnklvf"
"camwemeygnklvf",529,"camwemeygnklvf"
"camsggwgnklvf",528,"camsggwgnklvf"
"camregnqfyf",530,"camregnqfyf"
"camsalrnqfyf",531,"camsalrnqfyf"
"camsvtgnqfyf",532,"camsvtgnqfyf"
"camivgtgnqfyf",532,"camivgtgnqfyf"
"camnkdtgnqfyf",532,"camnkdtgnqfyf"
"camsartgnqfyf",532,"camsartgnqfyf"
"camseytgnqfyf",532,"camseytgnqfyf"
"camsvagnqfyf",532,"camsvagnqfyf"
"camsakgitgnqfyf",532,"camsakgitgnqfyf"
"camignqfyf",530,"camignqfyf"
"camsavtgnqfyf",532,"camsavtgnqfyf"
"camldtgnqfyf",532,"camldtgnqfyf"
"camsargtgnqfyf",532,"camsargtgnqfyf"
"caprdtgrraltf",533,"caprdtgrraltf"
"camrdtgrraltf",533,"camrdtgrraltf"
"catvggdkvif",534,"catvggdkvif"
"camsrkdaggtsygkltf",535,"camsrkdaggtsygkltf"
"casaggtsygkltf",536,"casaggtsygkltf"
"camsrggtsygkltf",536,"camsrggtsygkltf"
"camagggaggtsygkltf",537,"camagggaggtsygkltf"
"casekgetggtsygkltf",538,"casekgetggtsygkltf"
"caaggtsygkltf",536,"caaggtsygkltf"
"camsasrggtsygkltf",536,"camsasrggtsygkltf"
"caeaggtsygkltf",536,"caeaggtsygkltf"
"camsggsnykltf",539,"camsggsnykltf"
"cainsggsnykltf",539,"cainsggsnykltf"
"camskggggsnykltf",539,"camskggggsnykltf"
"camsargsnykltf",539,"camsargsnykltf"
"camslsggsnykltf",539,"camslsggsnykltf"
"camgggsnykltf",539,"camgggsnykltf"
"camsarsggsnykltf",539,"camsarsggsnykltf"
"cahrgggsnykltf",539,"cahrgggsnykltf"
"camirpysggsnykltf",540,"camirpysggsnykltf"
"camsgsggsnykltf",539,"camsgsggsnykltf"
"camrvggaqklvf",541,"camrvggaqklvf"
"camsaprlfqgaqklvf",542,"camsaprlfqgaqklvf"
"camskggaqklvf",541,"camskggaqklvf"
"camrwgaqklvf",541,"camrwgaqklvf"
"camsliqgaqklvf",543,"camsliqgaqklvf"
"camrpganskltf",544,"camrpganskltf"
"camidganskltf",544,"camidganskltf"
"caseggseklvf",545,"caseggseklvf"
"camckggseklvf",545,"camckggseklvf"
"camsavggseklvf",545,"camsavggseklvf"
"camptqggseklvf",546,"camptqggseklvf"
"caiptqggseklvf",546,"caiptqggseklvf"
"camritqggseklvf",546,"camritqggseklvf"
"camskggseklvf",545,"camskggseklvf"
"camrrgtsgsrltf",547,"camrrgtsgsrltf"
"camsfsetsgsrltf",548,"camsfsetsgsrltf"
"camggsyiptf",549,"camggsyiptf"
"caigsggsyiptf",550,"caigsggsyiptf"
"camsasgnnrlaf",551,"camsasgnnrlaf"
"camnegagnnrlaf",552,"camnegagnnrlaf"
"caikkgretgfqklvf",553,"caikkgretgfqklvf"
"catprstgfqklvf",554,"catprstgfqklvf"
"camrgntgfqklvf",555,"camrgntgfqklvf"
"camsapntgfqklvf",556,"camsapntgfqklvf"
"camrntgfqklvf",555,"camrntgfqklvf"
"camtlltgfqklvf",557,"camtlltgfqklvf"
"camtpmaggfktif",558,"camtpmaggfktif"
"camsdntggfktif",559,"camsdntggfktif"
"camgtggfktif",560,"camgtggfktif"
"caartgggnkltf",561,"caartgggnkltf"
"caasgvgeggggnkltf",562,"caasgvgeggggnkltf"
"caatgggnkltf",561,"caatgggnkltf"
"caasqkgggnkltf",561,"caasqkgggnkltf"
"caaavltgggnkltf",563,"caaavltgggnkltf"
"caasttgggnkltf",561,"caasttgggnkltf"
"caasdiltgggnkltf",561,"caasdiltgggnkltf"
"caasrgltgggnkltf",561,"caasrgltgggnkltf"
"caaqgsgggnkltf",564,"caaqgsgggnkltf"
"caasipgggnkltf",561,"caasipgggnkltf"
"caasirdiltgggnkltf",561,"caasirdiltgggnkltf"
"caasitgggnkltf",561,"caasitgggnkltf"
"caasmrystltf",565,"caasmrystltf"
"caailsgystltf",565,"caailsgystltf"
"caagystltf",565,"caagystltf"
"caaskvnsgystltf",565,"caaskvnsgystltf"
"caasssnsgystltf",565,"caasssnsgystltf"
"caasfsgystltf",565,"caasfsgystltf"
"caaiqrgystltf",565,"caaiqrgystltf"
"caasldsgystltf",565,"caasldsgystltf"
"caankdsgystltf",565,"caankdsgystltf"
"caaspisgystltf",565,"caaspisgystltf"
"caarlnsgystltf",565,"caarlnsgystltf"
"caassgystltf",565,"caassgystltf"
"caaslnsgystltf",565,"caaslnsgystltf"
"caalppgystltf",566,"caalppgystltf"
"cavqkgystltf",567,"cavqkgystltf"
"caaprmnsgystltf",565,"caaprmnsgystltf"
"caarasgystltf",565,"caarasgystltf"
"caaspssyklif",568,"caaspssyklif"
"carrgdssyklif",569,"carrgdssyklif"
"caasntdssyklif",570,"caasntdssyklif"
"caasrrsggyqkvtf",571,"caasrrsggyqkvtf"
"caasiwggyqkvtf",571,"caasiwggyqkvtf"
"caarssggyqkvtf",571,"caarssggyqkvtf"
"caasrpggyqkvtf",571,"caasrpggyqkvtf"
"caasggyqkvtf",571,"caasggyqkvtf"
"caatdsggyqkvtf",571,"caatdsggyqkvtf"
"caaskrgyqkvtf",571,"caaskrgyqkvtf"
"caaravsggyqkvtf",571,"caaravsggyqkvtf"
"caasqagtalif",572,"caasqagtalif"
"caasigqagtalif",572,"caasigqagtalif"
"caartsqagtalif",572,"caartsqagtalif"
"caasrqagtalif",572,"caasrqagtalif"
"caasanqagtalif",572,"caasanqagtalif"
"caasiqagtalif",572,"caasiqagtalif"
"caaptsrnqagtalif",573,"caaptsrnqagtalif"
"capgkpgqagtalif",574,"capgkpgqagtalif"
"caasmdqagtalif",572,"caasmdqagtalif"
"caanpnqagtalif",572,"caanpnqagtalif"
"caastpqagtalif",572,"caastpqagtalif"
"caassgqkllf",575,"caassgqkllf"
"caasiksgqkllf",575,"caasiksgqkllf"
"caasksgqkllf",575,"caasksgqkllf"
"caasreaagnkltf",576,"caasreaagnkltf"
"caavfkaagnkltf",576,"caavfkaagnkltf"
"caaddkaagnkltf",576,"caaddkaagnkltf"
"caasigaagnkltf",576,"caasigaagnkltf"
"caasiraagnkltf",576,"caasiraagnkltf"
"caaskgaagnkltf",576,"caaskgaagnkltf"
"caaprgsagnkltf",577,"caaprgsagnkltf"
"caasraagnkltf",576,"caasraagnkltf"
"caarrpagnkltf",576,"caarrpagnkltf"
"caaslkaagnkltf",576,"caaslkaagnkltf"
"caairdrgstlgrlyf",578,"caairdrgstlgrlyf"
"capggstlgrlyf",578,"capggstlgrlyf"
"caatpdrgstlgrlyf",578,"caatpdrgstlgrlyf"
"caaprgstlgrlyf",578,"caaprgstlgrlyf"
"caarndrgstlgrlyf",578,"caarndrgstlgrlyf"
"caaipkgsndyklsf",579,"caaipkgsndyklsf"
"caandyklsf",580,"caandyklsf"
"caasfssndyklsf",579,"caasfssndyklsf"
"caasnndyklsf",580,"caasnndyklsf"
"caasirgsndyklsf",579,"caasirgsndyklsf"
"caagksrsndyklsf",581,"caagksrsndyklsf"
"caastpsdyklsf",582,"caastpsdyklsf"
"caasigyklsf",580,"caasigyklsf"
"caadandyklsf",580,"caadandyklsf"
"caindyklsf",580,"caindyklsf"
"caasrgdyklsf",580,"caasrgdyklsf"
"caashndyklsf",580,"caashndyklsf"
"caaskgsndyklsf",579,"caaskgsndyklsf"
"caatsndyklsf",580,"caatsndyklsf"
"caasrtgsnkfyf",583,"caasrtgsnkfyf"
"caastnnfnkfyf",584,"caastnnfnkfyf"
"caasidnfnkfyf",584,"caasidnfnkfyf"
"caasefnkfyf",584,"caasefnkfyf"
"caasrdfnkfyf",584,"caasrdfnkfyf"
"caanfnkfyf",584,"caanfnkfyf"
"cadsgsarqltf",585,"cadsgsarqltf"
"caagsarqltf",585,"caagsarqltf"
"caassgsarqltf",585,"caassgsarqltf"
"caaskgggsarqltf",586,"caaskgggsarqltf"
"caassmgsarqltf",585,"caassmgsarqltf"
"capltsgsarqltf",587,"capltsgsarqltf"
"caareggvgsarqltf",588,"caareggvgsarqltf"
"caasrgfgrgsarqltf",589,"caasrgfgrgsarqltf"
"caarpsgsarqltf",585,"caarpsgsarqltf"
"caarngpggklif",590,"caarngpggklif"
"caasspnqggklif",591,"caasspnqggklif"
"caatesynqggklif",592,"caatesynqggklif"
"caasialgggklif",593,"caasialgggklif"
"caslynqggklif",591,"caslynqggklif"
"caakeiynqggklif",592,"caakeiynqggklif"
"caasnynqggklif",591,"caasnynqggklif"
"caasskgnqggklif",591,"caasskgnqggklif"
"caasisnqggklif",591,"caasisnqggklif"
"caavmgnqggklif",594,"caavmgnqggklif"
"caarnynqggklif",591,"caarnynqggklif"
"caasiggklif",595,"caasiggklif"
"capsiynqggklif",591,"capsiynqggklif"
"caasdswgklqf",596,"caasdswgklqf"
"caakttgdswgklqf",597,"caakttgdswgklqf"
"cattdswgklqf",596,"cattdswgklqf"
"caasitdswgklqf",596,"caasitdswgklqf"
"caasknygqnfvf",598,"caasknygqnfvf"
"caaskqnygqnfvf",598,"caaskqnygqnfvf"
"caarddnygqnfvf",598,"caarddnygqnfvf"
"caatdnygqnfvf",598,"caatdnygqnfvf"
"caatplrygqnfvf",598,"caatplrygqnfvf"
"casdnygqnfvf",598,"casdnygqnfvf"
"caasnnygqnfvf",598,"caasnnygqnfvf"
"caastgqnfvf",599,"caastgqnfvf"
"caatpdnygqnfvf",598,"caatpdnygqnfvf"
"caadhnygqnfvf",598,"caadhnygqnfvf"
"caaskgggqnfvf",598,"caaskgggqnfvf"
"cagtygqnfvf",600,"cagtygqnfvf"
"casrrnygqnfvf",598,"casrrnygqnfvf"
"caarfnpntnagkstf",601,"caarfnpntnagkstf"
"caarvpragkstf",602,"caarvpragkstf"
"capqgntnagkstf",603,"capqgntnagkstf"
"caatkysgagsyqltf",604,"caatkysgagsyqltf"
"caastratgagsyqltf",605,"caastratgagsyqltf"
"caapdagagsyqltf",606,"caapdagagsyqltf"
"caasnpgagsyqltf",607,"caasnpgagsyqltf"
"caaskgnsgagsyqltf",608,"caaskgnsgagsyqltf"
"caavsgntplvf",609,"caavsgntplvf"
"caalfsgntplvf",609,"caalfsgntplvf"
"caasnsgntplvf",609,"caasnsgntplvf"
"caaplpgntplvf",610,"caaplpgntplvf"
"caasiagntplvf",609,"caasiagntplvf"
"caahisgntplvf",609,"caahisgntplvf"
"caasgntplvf",609,"caasgntplvf"
"cavpwagntplvf",611,"cavpwagntplvf"
"caassgntplvf",609,"caassgntplvf"
"caarggssaskiif",612,"caarggssaskiif"
"cassepgyssaskiif",613,"cassepgyssaskiif"
"caasspgyssaskiif",613,"caasspgyssaskiif"
"cavegyssaskiif",614,"cavegyssaskiif"
"caaskraskiif",615,"caaskraskiif"
"caapgagyssaskiif",616,"caapgagyssaskiif"
"caasgraskiif",615,"caasgraskiif"
"caatlrgrddkiif",617,"caatlrgrddkiif"
"caasnmnrddkiif",618,"caasnmnrddkiif"
"caanrddkiif",619,"caanrddkiif"
"caapragrddkiif",620,"caapragrddkiif"
"caaskgrgrddkiif",621,"caaskgrgrddkiif"
"caasrgddkiif",619,"caasrgddkiif"
"caasnarlmf",622,"caasnarlmf"
"caasknarlmf",622,"caasknarlmf"
"caasvnarlmf",622,"caasvnarlmf"
"caaslnnarlmf",622,"caaslnnarlmf"
"caaskgnarlmf",622,"caaskgnarlmf"
"caasksnnarlmf",622,"caasksnnarlmf"
"caasinnarlmf",622,"caasinnarlmf"
"caarggnarlmf",622,"caarggnarlmf"
"caastrgatnklif",623,"caastrgatnklif"
"caashggatnklif",623,"caashggatnklif"
"caasyggatnklif",623,"caasyggatnklif"
"catqrrdsnyqliw",624,"catqrrdsnyqliw"
"caaskgsnyqliw",625,"caaskgsnyqliw"
"casggsnyqliw",625,"casggsnyqliw"
"caaskdsnyqliw",625,"caaskdsnyqliw"
"caaslnsnyqliw",625,"caaslnsnyqliw"
"caasiwadsnyqliw",626,"caasiwadsnyqliw"
"caalmdsnyqliw",625,"caalmdsnyqliw"
"caasssnyqliw",625,"caasssnyqliw"
"caaydsnyqliw",625,"caaydsnyqliw"
"caasantdklif",627,"caasantdklif"
"caaskrntdklif",627,"caaskrntdklif"
"caasgsyntdklif",628,"caasgsyntdklif"
"caasmrntdklif",627,"caasmrntdklif"
"caasrpppntdklif",629,"caasrpppntdklif"
"caankptdtdklif",630,"caankptdtdklif"
"caaskrggtdklif",627,"caaskrggtdklif"
"caasaggnvlhc",631,"caasaggnvlhc"
"caasigfgnvlhc",631,"caasigfgnvlhc"
"caasnggfgnvlhc",631,"caasnggfgnvlhc"
"caaspggfgnvlhc",631,"caaspggfgnvlhc"
"caakegfgnvlhc",631,"caakegfgnvlhc"
"caasiapgannlff",632,"caasiapgannlff"
"caaskqtgannlff",633,"caaskqtgannlff"
"capvtgannlff",634,"capvtgannlff"
"caankagannlff",635,"caankagannlff"
"caasipgannlff",632,"caasipgannlff"
"caasdqtgannlff",633,"caasdqtgannlff"
"caakgagannlff",635,"caakgagannlff"
"caagsntgklif",636,"caagsntgklif"
"cavagdtgklif",637,"cavagdtgklif"
"caasrrgntgklif",638,"caasrrgntgklif"
"caassntgklif",636,"caassntgklif"
"caadsntgklif",636,"caadsntgklif"
"caaspngklif",636,"caaspngklif"
"caafsntgklif",636,"caafsntgklif"
"caarvssntgklif",636,"caarvssntgklif"
"caatpssntgklif",636,"caatpssntgklif"
"caasnigagnnrkliw",639,"caasnigagnnrkliw"
"captyagnnrkliw",640,"captyagnnrkliw"
"caasrsgnnrkliw",641,"caasrsgnnrkliw"
"caasdagnmltf",642,"caasdagnmltf"
"caadfnagnmltf",643,"caadfnagnmltf"
"caaskyhnagnmltf",644,"caaskyhnagnmltf"
"caatqnnagnmltf",643,"caatqnnagnmltf"
"caappgnagnmltf",645,"caappgnagnmltf"
"caaynnagnmltf",643,"caaynnagnmltf"
"caaslrtggynklif",646,"caaslrtggynklif"
"caasilsggynklif",647,"caasilsggynklif"
"caaskargaggynklif",648,"caaskargaggynklif"
"capssggynklif",647,"capssggynklif"
"caassyvnrggynklif",649,"caassyvnrggynklif"
"caasspggynklif",647,"caasspggynklif"
"caarfsggynklif",647,"caarfsggynklif"
"caasmsggynklif",647,"caasmsggynklif"
"caaskggtsgtykyif",650,"caaskggtsgtykyif"
"calqgrgtykyif",651,"calqgrgtykyif"
"caaskrvgtykyif",650,"caaskrvgtykyif"
"caatasgtykyif",650,"caatasgtykyif"
"caawssgtykyif",650,"caawssgtykyif"
"caasktsgtykyif",650,"caasktsgtykyif"
"caasrtsgtykyif",650,"caasrtsgtykyif"
"caatptsgtykyif",650,"caatptsgtykyif"
"caasstgtykyif",650,"caasstgtykyif"
"caarfsgtykyif",650,"caarfsgtykyif"
"caartsgtykyif",650,"caartsgtykyif"
"caasknsgyalnf",652,"caasknsgyalnf"
"caavlsgyalnf",653,"caavlsgyalnf"
"caasmrgrdsgyalnf",654,"caasmrgrdsgyalnf"
"caasqtsgyalnf",652,"caasqtsgyalnf"
"caasnggsqgnlif",655,"caasnggsqgnlif"
"caativnyggsqgnlif",656,"caativnyggsqgnlif"
"caanergsqgnlif",657,"caanergsqgnlif"
"caasrsqgnlif",655,"caasrsqgnlif"
"caaslnyggsqgnlif",655,"caaslnyggsqgnlif"
"caasrtaggsqgnlif",655,"caasrtaggsqgnlif"
"caasrggsqgnlif",655,"caasrggsqgnlif"
"caasmgndmrf",658,"caasmgndmrf"
"caasnrgndmrf",658,"caasnrgndmrf"
"caasisdnndmrf",658,"caasisdnndmrf"
"caasinndmrf",658,"caasinndmrf"
"caasmtndmrf",658,"caasmtndmrf"
"caasdgeggdmrf",659,"caasdgeggdmrf"
"caaslsfnnndmrf",660,"caaslsfnnndmrf"
"caaskgnnndmrf",658,"caaskgnnndmrf"
"caalynnndmrf",661,"caalynnndmrf"
"caaskgnndmrf",658,"caaskgnndmrf"
"caarennndmrf",661,"caarennndmrf"
"caarrgdnnndmrf",662,"caarrgdnnndmrf"
"caarwynnndmrf",661,"caarwynnndmrf"
"csgdmrf",663,"csgdmrf"
"caasstgtaskltf",664,"caasstgtaskltf"
"caahqgagtaskltf",665,"caahqgagtaskltf"
"caasrtvtgtaskltf",666,"caasrtvtgtaskltf"
"caargggtaskltf",667,"caargggtaskltf"
"caaglpggtaskltf",668,"caaglpggtaskltf"
"caasrsgtaskltf",664,"caasrsgtaskltf"
"caasigsstaskltf",669,"caasigsstaskltf"
"caaskggagtaskltf",670,"caaskggagtaskltf"
"caastgtaskltf",664,"caastgtaskltf"
"caaskgggadgltf",671,"caaskgggadgltf"
"caaggggadgltf",671,"caaggggadgltf"
"caphagggadgltf",672,"caphagggadgltf"
"caasrsgggadgltf",671,"caasrsgggadgltf"
"cavmgadgltf",673,"cavmgadgltf"
"caaessssgggadgltf",674,"caaessssgggadgltf"
"caatggsgggadgltf",675,"caatggsgggadgltf"
"caapllggadgltf",676,"caapllggadgltf"
"caaskygnklvf",677,"caaskygnklvf"
"caasihirlvf",678,"caasihirlvf"
"caasssmeygnklvf",679,"caasssmeygnklvf"
"caahmeygnklvf",680,"caahmeygnklvf"
"caaspaqygnklvf",681,"caaspaqygnklvf"
"caarfqgnklvf",682,"caarfqgnklvf"
"caafregtnfgnekltf",683,"caafregtnfgnekltf"
"caasrgfgnekltf",684,"caasrgfgnekltf"
"caakeyfgnekltf",685,"caakeyfgnekltf"
"caasfgnekltf",684,"caasfgnekltf"
"caapkrdfgnekltf",686,"caapkrdfgnekltf"
"caamnfgnekltf",684,"caamnfgnekltf"
"caassfnfgnekltf",687,"caassfnfgnekltf"
"caasirgfgnekltf",684,"caasirgfgnekltf"
"caaiksnfgnekltf",688,"caaiksnfgnekltf"
"caaskgekltf",684,"caaskgekltf"
"carsnfgnekltf",684,"carsnfgnekltf"
"caastytgnqfyf",689,"caastytgnqfyf"
"caasintgnqfyf",689,"caasintgnqfyf"
"caaantgnqfyf",689,"caaantgnqfyf"
"caasrgtgnqfyf",689,"caasrgtgnqfyf"
"caasmtgnqfyf",689,"caasmtgnqfyf"
"caaktgnqfyf",689,"caaktgnqfyf"
"caaskgnqfyf",689,"caaskgnqfyf"
"caasygnqfyf",689,"caasygnqfyf"
"caasirntgnqfyf",689,"caasirntgnqfyf"
"caasgtgnqfyf",689,"caasgtgnqfyf"
"caahlntgnqfyf",689,"caahlntgnqfyf"
"cagisdtgnqfyf",690,"cagisdtgnqfyf"
"caasiagdnqfyf",689,"caasiagdnqfyf"
"caasadtgnqfyf",689,"caasadtgnqfyf"
"caasiqstgnqfyf",689,"caasiqstgnqfyf"
"caasisgnqfyf",689,"caasisgnqfyf"
"caagntgnqfyf",689,"caagntgnqfyf"
"caassntgnqfyf",689,"caassntgnqfyf"
"caaskagnqfyf",689,"caaskagnqfyf"
"caasrptgnqfyf",689,"caasrptgnqfyf"
"caasrdtgrraltf",691,"caasrdtgrraltf"
"caasntgrraltf",691,"caasntgrraltf"
"caaskgrraltf",691,"caaskgrraltf"
"caasmdtgrraltf",691,"caasmdtgrraltf"
"caaskgewraltf",691,"caaskgewraltf"
"caasrtgrraltf",691,"caasrtgrraltf"
"caassttsydkvif",692,"caassttsydkvif"
"cadkvif",693,"cadkvif"
"caarrvtsydkvif",694,"caarrvtsydkvif"
"capsgtsydkvif",695,"capsgtsydkvif"
"caatqsnaggtsygkltf",696,"caatqsnaggtsygkltf"
"caaitaggtsygkltf",697,"caaitaggtsygkltf"
"caassggtsygkltf",698,"caassggtsygkltf"
"caassrgtsygkltf",698,"caassrgtsygkltf"
"caasnqgsnykltf",699,"caasnqgsnykltf"
"cggsnykltf",700,"cggsnykltf"
"caaslsgsnykltf",699,"caaslsgsnykltf"
"caaskgggsnykltf",699,"caaskgggsnykltf"
"caakggsnykltf",699,"caakggsnykltf"
"caasigsggsnykltf",699,"caasigsggsnykltf"
"caanpglggsnykltf",701,"caanpglggsnykltf"
"caapggsnykltf",699,"caapggsnykltf"
"caaspggsnykltf",699,"caaspggsnykltf"
"caasidqgaqklvf",702,"caasidqgaqklvf"
"caaqgaqklvf",703,"caaqgaqklvf"
"caasmaaiqgaqklvf",702,"caasmaaiqgaqklvf"
"caasaiqgaqklvf",702,"caasaiqgaqklvf"
"caviqgaqklvf",703,"caviqgaqklvf"
"caalltganskltf",704,"caalltganskltf"
"caasigpggsyiptf",705,"caasigpggsyiptf"
"caaspeaggsyiptf",706,"caaspeaggsyiptf"
"caassrsggsyiptf",705,"caassrsggsyiptf"
"caasmsggsyiptf",705,"caasmsggsyiptf"
"caagssggsyiptf",705,"caagssggsyiptf"
"caasrtggsyiptf",705,"caasrtggsyiptf"
"caakgaggsyiptf",705,"caakgaggsyiptf"
"caasasggsyiptf",705,"caasasggsyiptf"
"caamragsrggsyiptf",707,"caamragsrggsyiptf"
"caasiyiptf",708,"caasiyiptf"
"caarkygasggsyiptf",709,"caarkygasggsyiptf"
"capggggsyiptf",705,"capggggsyiptf"
"caagdgggsyiptf",705,"caagdgggsyiptf"
"caaaggsyiptf",705,"caaaggsyiptf"
"caagtsggsyiptf",705,"caagtsggsyiptf"
"caasqgsggsyiptf",705,"caasqgsggsyiptf"
"caasmgetggsyiptf",710,"caasmgetggsyiptf"
"caastqtggsyiptf",705,"caastqtggsyiptf"
"caaslygnnrlaf",711,"caaslygnnrlaf"
"cglvignnrlaf",712,"cglvignnrlaf"
"caasiegnnrlaf",711,"caasiegnnrlaf"
"caaskggnnrlaf",711,"caaskggnnrlaf"
"caasmgntgfqklvf",713,"caasmgntgfqklvf"
"caaagstgfqklvf",713,"caaagstgfqklvf"
"caamgtgfqklvf",713,"caamgtgfqklvf"
"caasngfqklvf",713,"caasngfqklvf"
"caasnrntgfqklvf",713,"caasnrntgfqklvf"
"caaqntgfqklvf",713,"caaqntgfqklvf"
"caagkntgfqklvf",713,"caagkntgfqklvf"
"caqggfqklvf",714,"caqggfqklvf"
"caatntgfqklvf",713,"caatntgfqklvf"
"caapntggfktif",715,"caapntggfktif"
"caasdgsfktif",715,"caasdgsfktif"
"caatrggfktif",715,"caatrggfktif"
"caasrgggfktif",715,"caasrgggfktif"
"caargntggfktif",715,"caargntggfktif"
"caasrgfktif",715,"caasrgfktif"
"caatpntggfktif",715,"caatpntggfktif"
"caattggfktif",715,"caattggfktif"
"caeiitgggnkltf",716,"caeiitgggnkltf"
"cadrtgggnkltf",717,"cadrtgggnkltf"
"caesrlltgggnkltf",718,"caesrlltgggnkltf"
"caenragggnkltf",719,"caenragggnkltf"
"caeiaggggnkltf",716,"caeiaggggnkltf"
"caedsgystltf",720,"caedsgystltf"
"caeaspgtgystltf",721,"caeaspgtgystltf"
"caenppsasrgstltf",722,"caenppsasrgstltf"
"caensrystltf",720,"caensrystltf"
"caeniigystltf",723,"caeniigystltf"
"caenlpsgystltf",724,"caenlpsgystltf"
"cadpwrsgystltf",725,"cadpwrsgystltf"
"caetqgdssyklif",726,"caetqgdssyklif"
"caensgdssyklif",726,"caensgdssyklif"
"caeismdssyklif",726,"caeismdssyklif"
"caagysyklif",727,"caagysyklif"
"caemggdssyklif",726,"caemggdssyklif"
"cadsrmdssyklif",726,"cadsrmdssyklif"
"caenigdssyklif",726,"caenigdssyklif"
"caesamdssyklif",726,"caesamdssyklif"
"caetmmdssyklif",726,"caetmmdssyklif"
"caespggyqkvtf",728,"caespggyqkvtf"
"caensggyqkvtf",728,"caensggyqkvtf"
"caenwsyqkvtf",729,"caenwsyqkvtf"
"cavgtggyqkvtf",730,"cavgtggyqkvtf"
"caasdpsggyqkvtf",731,"caasdpsggyqkvtf"
"caelkegyqkvtf",732,"caelkegyqkvtf"
"caesranqagtalif",733,"caesranqagtalif"
"caerpnqagtalif",733,"caerpnqagtalif"
"caegpanqagtalif",733,"caegpanqagtalif"
"caeniggtalif",734,"caeniggtalif"
"caerggqkllf",735,"caerggqkllf"
"caesrfsdgqkllf",735,"caesrfsdgqkllf"
"caerredgqkllf",735,"caerredgqkllf"
"caenpdsdgqkllf",735,"caenpdsdgqkllf"
"caenrrsdgqkllf",735,"caenrrsdgqkllf"
"caerthgqkllf",735,"caerthgqkllf"
"caerdgqkllf",735,"caerdgqkllf"
"caenrraagnkltf",736,"caenrraagnkltf"
"caeneaagnkltf",736,"caeneaagnkltf"
"caerdraagnkltf",736,"caerdraagnkltf"
"caeniwaagnkltf",736,"caeniwaagnkltf"
"cadpagnkltf",737,"cadpagnkltf"
"capasdyklsf",738,"capasdyklsf"
"caenmvgyklsf",739,"caenmvgyklsf"
"caengsndyklsf",740,"caengsndyklsf"
"caensgynfnkfyf",741,"caensgynfnkfyf"
"cadqynfnkfyf",742,"cadqynfnkfyf"
"caenpnfnkfyf",743,"caenpnfnkfyf"
"caetsgsarqltf",744,"caetsgsarqltf"
"caenaagsarqltf",745,"caenaagsarqltf"
"caetgsarqltf",744,"caetgsarqltf"
"caegtsgsarqltf",744,"caegtsgsarqltf"
"caesrrasgsarqltf",746,"caesrrasgsarqltf"
"caeilsgsarqltf",744,"caeilsgsarqltf"
"caetsfprqltf",747,"caetsfprqltf"
"caasegsarqltf",748,"caasegsarqltf"
"caeslrnqggklif",749,"caeslrnqggklif"
"caeikeggklif",750,"caeikeggklif"
"caerpvggklif",751,"caerpvggklif"
"caenlynqggklif",749,"caenlynqggklif"
"caekernqggklif",749,"caekernqggklif"
"caenlswgklqf",752,"caenlswgklqf"
"caeiltftdswgklqf",753,"caeiltftdswgklqf"
"caetrdswgklqf",754,"caetrdswgklqf"
"caenriygqnfvf",755,"caenriygqnfvf"
"caenipgqnfvf",755,"caenipgqnfvf"
"caendnygqnfvf",755,"caendnygqnfvf"
"caddygqnfvf",756,"caddygqnfvf"
"caetraygqnfvf",755,"caetraygqnfvf"
"caerknygqnfvf",755,"caerknygqnfvf"
"caenpygqnfvf",755,"caenpygqnfvf"
"cakrnygqnfvf",755,"cakrnygqnfvf"
"caervqgqnfvf",757,"caervqgqnfvf"
"caenqnygqnfvf",755,"caenqnygqnfvf"
"caenrhgqnfvf",755,"caenrhgqnfvf"
"caentnagkstf",758,"caentnagkstf"
"caettnagkstf",758,"caettnagkstf"
"caenmfsgagsyqltf",759,"caenmfsgagsyqltf"
"caeglagagsyqltf",760,"caeglagagsyqltf"
"caesyeagsyqltf",761,"caesyeagsyqltf"
"caenmdsgagsyqltf",759,"caenmdsgagsyqltf"
"cgvrgagsyqltf",762,"cgvrgagsyqltf"
"caestsgagsyqltf",763,"caestsgagsyqltf"
"caenrdsgagsyqltf",759,"caenrdsgagsyqltf"
"casgagsyqltf",764,"casgagsyqltf"
"cagysgagsyqltf",764,"cagysgagsyqltf"
"caesgisgntplvf",765,"caesgisgntplvf"
"caesssgntplvf",765,"caesssgntplvf"
"caecrnsgntplvf",766,"caecrnsgntplvf"
"caenrdpgntplvf",767,"caenrdpgntplvf"
"caeeppyssaskiif",768,"caeeppyssaskiif"
"caenqedssaskiif",769,"caenqedssaskiif"
"caetyssaskiif",770,"caetyssaskiif"
"cadrfvgaskiif",771,"cadrfvgaskiif"
"caekmrgssaskiif",772,"caekmrgssaskiif"
"caensyssaskiif",770,"caensyssaskiif"
"caeramnrddkiif",773,"caeramnrddkiif"
"caenkeddkiif",774,"caenkeddkiif"
"caensseiif",775,"caensseiif"
"caesrnnnarlmf",776,"caesrnnnarlmf"
"caeninnnarlmf",776,"caeninnnarlmf"
"caeslnarlmf",776,"caeslnarlmf"
"caennnarlmf",776,"caennnarlmf"
"caenmdnnarlmf",776,"caenmdnnarlmf"
"caenrgdnnarlmf",776,"caenrgdnnarlmf"
"caearsnarlmf",777,"caearsnarlmf"
"cadtsggdarlmf",778,"cadtsggdarlmf"
"caenslyggatnklif",779,"caenslyggatnklif"
"caenyggatnklif",779,"caenyggatnklif"
"caenmhsnyqliw",780,"caenmhsnyqliw"
"caesqysnyqliw",781,"caesqysnyqliw"
"cagvlwtdklif",782,"cagvlwtdklif"
"caenrgtdklif",783,"caenrgtdklif"
"caentggfgnvlhc",784,"caentggfgnvlhc"
"cadergrgfgnvlhc",785,"cadergrgfgnvlhc"
"caeskrragannlff",786,"caeskrragannlff"
"caeqtgannlff",787,"caeqtgannlff"
"caekeigannlff",788,"caekeigannlff"
"caeaygssntgklif",789,"caeaygssntgklif"
"cadlsgntgklif",790,"cadlsgntgklif"
"caenlpsntgklif",791,"caenlpsntgklif"
"caerytgklif",792,"caerytgklif"
"cagslgssntgklif",793,"cagslgssntgklif"
"caetrlgssntgklif",794,"caetrlgssntgklif"
"caanygsgntgklif",795,"caanygsgntgklif"
"caekrnagnmltf",796,"caekrnagnmltf"
"caenidagnmltf",796,"caenidagnmltf"
"caenmgnagnmltf",796,"caenmgnagnmltf"
"caennagnmltf",796,"caennagnmltf"
"caeihnagnmltf",796,"caeihnagnmltf"
"caepnagnmltf",796,"caepnagnmltf"
"caetgesnmltf",797,"caetgesnmltf"
"caengggynklif",798,"caengggynklif"
"caeipsggynklif",799,"caeipsggynklif"
"caekrpggynklif",800,"caekrpggynklif"
"caegglggynklif",798,"caegglggynklif"
"cavdspggynklif",801,"cavdspggynklif"
"caengpsgtykyif",802,"caengpsgtykyif"
"caesstsgtykyif",803,"caesstsgtykyif"
"caesdsgtykyif",803,"caesdsgtykyif"
"caeetsgtykyif",803,"caeetsgtykyif"
"caetssgtykyif",803,"caetssgtykyif"
"caekdsgtykyif",803,"caekdsgtykyif"
"caetsgtykyif",803,"caetsgtykyif"
"caeagtykyif",803,"caeagtykyif"
"cagtldrkyif",804,"cagtldrkyif"
"caeniltsgtykyif",805,"caeniltsgtykyif"
"caergnsgyalnf",806,"caergnsgyalnf"
"caeghsgyalnf",806,"caeghsgyalnf"
"caenrgsqgnlif",807,"caenrgsqgnlif"
"caensegsqgnlif",807,"caensegsqgnlif"
"caenrrsggsqgnlif",808,"caenrrsggsqgnlif"
"caensgsqgnlif",807,"caensgsqgnlif"
"caenyggsqgnlif",807,"caenyggsqgnlif"
"caeniggyggsqgnlif",809,"caeniggyggsqgnlif"
"caenctrf",810,"caenctrf"
"caenfpynnndmrf",811,"caenfpynnndmrf"
"caenisgtaskltf",812,"caenisgtaskltf"
"caentgtaskltf",812,"caentgtaskltf"
"caeniggtaskltf",812,"caeniggtaskltf"
"caensgtaskltf",812,"caensgtaskltf"
"caesaysgggadgltf",813,"caesaysgggadgltf"
"cavssgggadgltf",814,"cavssgggadgltf"
"caasgggadgltf",814,"caasgggadgltf"
"caekggggadgltf",815,"caekggggadgltf"
"caenreggadgltf",816,"caenreggadgltf"
"caesvygnklvf",817,"caesvygnklvf"
"caglreygnklvf",818,"caglreygnklvf"
"caetmeygnklvf",819,"caetmeygnklvf"
"caetkeygnklvf",819,"caetkeygnklvf"
"caekslvf",820,"caekslvf"
"caekagnekltf",821,"caekagnekltf"
"caethpnfgnekltf",822,"caethpnfgnekltf"
"caekgsnfgnekltf",823,"caekgsnfgnekltf"
"caetwtnfgnekltf",822,"caetwtnfgnekltf"
"caenrspggnekltf",824,"caenrspggnekltf"
"caengfgnekltf",825,"caengfgnekltf"
"caeksgnekltf",821,"caeksgnekltf"
"cagvkignekltf",826,"cagvkignekltf"
"caeilnfgnekltf",827,"caeilnfgnekltf"
"caeivnfgnekltf",827,"caeivnfgnekltf"
"caeggltgnqfyf",828,"caeggltgnqfyf"
"cagapntgnqfyf",829,"cagapntgnqfyf"
"caenivagnqfyf",830,"caenivagnqfyf"
"caenkntgrraltf",831,"caenkntgrraltf"
"caesdtgrraltf",831,"caesdtgrraltf"
"caekeggrraltf",832,"caekeggrraltf"
"caengdtgrraltf",831,"caengdtgrraltf"
"caeipstgrraltf",833,"caeipstgrraltf"
"caenretsydkvif",834,"caenretsydkvif"
"caenmgetsydkvif",834,"caenmgetsydkvif"
"caeraggtsygkltf",835,"caeraggtsygkltf"
"caethplaggtsygkltf",836,"caethplaggtsygkltf"
"caenplaggtsygkltf",836,"caenplaggtsygkltf"
"caedsgtsygkltf",837,"caedsgtsygkltf"
"caesgaggtsygkltf",835,"caesgaggtsygkltf"
"caessaggtsygkltf",835,"caessaggtsygkltf"
"caenigtsygkltf",837,"caenigtsygkltf"
"caekegtsygkltf",837,"caekegtsygkltf"
"caenhgtsygkltf",837,"caenhgtsygkltf"
"caergstsygkltf",835,"caergstsygkltf"
"caekdsggsnykltf",838,"caekdsggsnykltf"
"caensggsnykltf",838,"caensggsnykltf"
"caenmrgsnykltf",838,"caenmrgsnykltf"
"caeryqgaqklvf",839,"caeryqgaqklvf"
"cavisqgaqklvf",839,"cavisqgaqklvf"
"caenpfgqklvf",840,"caenpfgqklvf"
"caenaggaqklvf",839,"caenaggaqklvf"
"caenmegaqklvf",839,"caenmegaqklvf"
"caetrgaqklvf",839,"caetrgaqklvf"
"caenqgaqklvf",839,"caenqgaqklvf"
"cadnqgaqklvf",839,"cadnqgaqklvf"
"cadiqgaqklvf",839,"cadiqgaqklvf"
"caevqgaqklvf",839,"caevqgaqklvf"
"caegqgaqklvf",839,"caegqgaqklvf"
"caenrgaqklvf",839,"caenrgaqklvf"
"caekagaqklvf",839,"caekagaqklvf"
"caenmtpganskltf",841,"caenmtpganskltf"
"caessqggseklvf",842,"caessqggseklvf"
"cairetsgsrltf",843,"cairetsgsrltf"
"caerrtsgsrltf",843,"caerrtsgsrltf"
"caeketsgsrltf",843,"caeketsgsrltf"
"caesretsgsrltf",843,"caesretsgsrltf"
"cavretsgsrltf",843,"cavretsgsrltf"
"caerrhggsyiptf",844,"caerrhggsyiptf"
"caenspggsyiptf",845,"caenspggsyiptf"
"caalsggsyiptf",846,"caalsggsyiptf"
"cavskggsyiptf",847,"cavskggsyiptf"
"caenasggsyiptf",845,"caenasggsyiptf"
"caenivrvnrkltf",848,"caenivrvnrkltf"
"caeilygnnrlaf",849,"caeilygnnrlaf"
"caeygnnrlaf",849,"caeygnnrlaf"
"caetingnnrlaf",850,"caetingnnrlaf"
"caenrntgfqklvf",851,"caenrntgfqklvf"
"caentgfqklvf",851,"caentgfqklvf"
"caersgfqklvf",851,"caersgfqklvf"
"caeimntgfqklvf",851,"caeimntgfqklvf"
"cadsytggfktif",852,"cadsytggfktif"
"caeniaggfktif",852,"caeniaggfktif"
"caentggfktif",852,"caentggfktif"
"caeaytggfktif",852,"caeaytggfktif"
"caekgwptggfktif",853,"caekgwptggfktif"
"caenggfktif",852,"caenggfktif"
"caenfdtggfktif",852,"caenfdtggfktif"
"camregqmgggnkltf",854,"camregqmgggnkltf"
"camkgltgggnkltf",855,"camkgltgggnkltf"
"camrevlsgystltf",856,"camrevlsgystltf"
"camraprglnsgystltf",857,"camraprglnsgystltf"
"camreshsgystltf",856,"camreshsgystltf"
"camreamssgystltf",858,"camreamssgystltf"
"camsrmdssyklif",859,"camsrmdssyklif"
"camreglsggyqkvtf",860,"camreglsggyqkvtf"
"camrgaagtalif",861,"camrgaagtalif"
"camrgrfsdgqkllf",862,"camrgrfsdgqkllf"
"camrglsdgqkllf",862,"camrglsdgqkllf"
"camregdgqkllf",863,"camregdgqkllf"
"camragegqkllf",863,"camragegqkllf"
"camrdrfsdgqkllf",862,"camrdrfsdgqkllf"
"camreadgqkllf",863,"camreadgqkllf"
"camreraaagnkltf",864,"camreraaagnkltf"
"camrvspkaagnkltf",865,"camrvspkaagnkltf"
"camregrfgrgstlgrlyf",866,"camregrfgrgstlgrlyf"
"camrvgsklsf",867,"camrvgsklsf"
"camreggsndyklsf",868,"camreggsndyklsf"
"camrgrndyklsf",869,"camrgrndyklsf"
"camrpsleskfyf",870,"camrpsleskfyf"
"camssynfnkfyf",871,"camssynfnkfyf"
"cadnfnkfyf",872,"cadnfnkfyf"
"camregygsarqltf",873,"camregygsarqltf"
"camrekissgsarqltf",874,"camrekissgsarqltf"
"camrespsgsarqltf",873,"camrespsgsarqltf"
"camrdrgsarqltf",875,"camrdrgsarqltf"
"camrplgsarqltf",875,"camrplgsarqltf"
"camregsgsarqltf",873,"camregsgsarqltf"
"camhfgklif",876,"camhfgklif"
"camregnqggklif",877,"camregnqggklif"
"cvigpqlqf",878,"cvigpqlqf"
"camregrdnygqnfvf",879,"camregrdnygqnfvf"
"camrantnagkstf",880,"camrantnagkstf"
"camrtvsgagsyqltf",881,"camrtvsgagsyqltf"
"camrevsgagsyqltf",881,"camrevsgagsyqltf"
"camtagptgagsyqltf",882,"camtagptgagsyqltf"
"camrddrsgagsyqltf",883,"camrddrsgagsyqltf"
"camtprrgagsyqltf",884,"camtprrgagsyqltf"
"camrdgysgntplvf",885,"camrdgysgntplvf"
"camregfsgntplvf",885,"camregfsgntplvf"
"camregrrntplvf",886,"camregrrntplvf"
"camreasgntplvf",885,"camreasgntplvf"
"camrevgysgntplvf",885,"camrevgysgntplvf"
"camnlyssaskiif",887,"camnlyssaskiif"
"camreyssaskiif",887,"camreyssaskiif"
"camregmyssaskiif",887,"camregmyssaskiif"
"camrespyssaskiif",887,"camrespyssaskiif"
"camrdlnrddkiif",888,"camrdlnrddkiif"
"camrevnrddkiif",888,"camrevnrddkiif"
"camresdnnarlmf",889,"camresdnnarlmf"
"camssrnnnarlmf",890,"camssrnnnarlmf"
"camsfrnnnarlmf",890,"camsfrnnnarlmf"
"camrphrgatnklif",891,"camrphrgatnklif"
"camreggyggatnklif",892,"camreggyggatnklif"
"camrrmdsnyqliw",893,"camrrmdsnyqliw"
"camssdsnyqliw",894,"camssdsnyqliw"
"camrelaftdsnyqliw",895,"camrelaftdsnyqliw"
"camredpasnyqliw",896,"camredpasnyqliw"
"camreintdklif",897,"camreintdklif"
"camrgggntdklif",898,"camrgggntdklif"
"camreqdtdklif",897,"camreqdtdklif"
"camreggmtdklif",898,"camreggmtdklif"
"camrnwptgannlff",899,"camrnwptgannlff"
"camreeggannlff",900,"camreeggannlff"
"camregyagannlff",901,"camregyagannlff"
"camregwannlff",900,"camregwannlff"
"camregqtgannlff",901,"camregqtgannlff"
"camreapgsrlff",902,"camreapgsrlff"
"camrgegklif",903,"camrgegklif"
"camregssntgklif",904,"camregssntgklif"
"camrdftsntgklif",905,"camrdftsntgklif"
"camregggnnrkliw",906,"camregggnnrkliw"
"camrepynagnnrkliw",907,"camrepynagnnrkliw"
"camremgnagnmltf",908,"camremgnagnmltf"
"camgwfsggynklif",909,"camgwfsggynklif"
"camrerraggynklif",910,"camrerraggynklif"
"camsqdsggynklif",911,"camsqdsggynklif"
"camregrsggynklif",910,"camregrsggynklif"
"camtpfsggynklif",909,"camtpfsggynklif"
"camrevsgtykyif",912,"camrevsgtykyif"
"camreatsgtykyif",912,"camreatsgtykyif"
"camrgvsgtykyif",912,"camrgvsgtykyif"
"camregssgtykyif",912,"camregssgtykyif"
"camknyggsqgnlif",913,"camknyggsqgnlif"
"camregeyggsqgnlif",914,"camregeyggsqgnlif"
"camreghndmrf",915,"camreghndmrf"
"camregtndmrf",915,"camregtndmrf"
"camrynnndmrf",916,"camrynnndmrf"
"camrertgtaskltf",917,"camrertgtaskltf"
"camrdlwgtgtaskltf",918,"camrdlwgtgtaskltf"
"camredlntgtaskltf",917,"camredlntgtaskltf"
"camredgtgtaskltf",917,"camredgtgtaskltf"
"camrevsgggadgltf",919,"camrevsgggadgltf"
"camregrasgggadgltf",920,"camregrasgggadgltf"
"camresqrrggadgltf",921,"camresqrrggadgltf"
"camrevygnklvf",922,"camrevygnklvf"
"camraeygnklvf",922,"camraeygnklvf"
"camreghrgnklvf",923,"camreghrgnklvf"
"camrptnfgnekltf",924,"camrptnfgnekltf"
"camrgfgnekltf",924,"camrgfgnekltf"
"camrrrdfgnekltf",925,"camrrrdfgnekltf"
"camrefnfgnekltf",924,"camrefnfgnekltf"
"camregsnfgnekltf",924,"camregsnfgnekltf"
"camrfgnekltf",924,"camrfgnekltf"
"camranfgnekltf",924,"camranfgnekltf"
"camregggsnfgnekltf",924,"camregggsnfgnekltf"
"camrgvsfgnekltf",924,"camrgvsfgnekltf"
"camrtnfgnekltf",924,"camrtnfgnekltf"
"camregspqfyf",926,"camregspqfyf"
"camregvtgnqfyf",927,"camregvtgnqfyf"
"camreggvgnqfyf",927,"camreggvgnqfyf"
"camrepdtgnqfyf",927,"camrepdtgnqfyf"
"camrelytgnqfyf",927,"camrelytgnqfyf"
"camsrvvgnqfyf",928,"camsrvvgnqfyf"
"camkltgnqfyf",929,"camkltgnqfyf"
"camregwnqfyf",926,"camregwnqfyf"
"camtnmntgnqfyf",930,"camtnmntgnqfyf"
"camrevtgrraltf",931,"camrevtgrraltf"
"camredtgrraltf",931,"camredtgrraltf"
"camregpkdtgrraltf",932,"camregpkdtgrraltf"
"cdcrktsydkvif",933,"cdcrktsydkvif"
"camreggrtsydkvif",934,"camreggrtsydkvif"
"camresggtsygkltf",935,"camresggtsygkltf"
"caitwsygkltf",936,"caitwsygkltf"
"camrddaggtsygkltf",937,"camrddaggtsygkltf"
"camreggstsygkltf",935,"camreggstsygkltf"
"camreggvidrgsnykltf",938,"camreggvidrgsnykltf"
"camregpgggsnykltf",939,"camregpgggsnykltf"
"camspnsggsnykltf",940,"camspnsggsnykltf"
"camrgriqgaqklvf",941,"camrgriqgaqklvf"
"camrgliqgaqklvf",941,"camrgliqgaqklvf"
"camrerggaqklvf",942,"camrerggaqklvf"
"camregviqgaqklvf",941,"camregviqgaqklvf"
"camrdrliqgaqklvf",941,"camrdrliqgaqklvf"
"camgfqgaqklvf",943,"camgfqgaqklvf"
"camrqiqgaqklvf",941,"camrqiqgaqklvf"
"camredklvf",944,"camredklvf"
"camreaaqklvf",945,"camreaaqklvf"
"camrfntganskltf",946,"camrfntganskltf"
"camrvstganskltf",946,"camrvstganskltf"
"camregheggseklvf",947,"camregheggseklvf"
"camreaqeiqggseklvf",948,"camreaqeiqggseklvf"
"camrggetsgsrltf",949,"camrggetsgsrltf"
"camrlisggsyiptf",950,"camrlisggsyiptf"
"camrllhasggsyiptf",951,"camrllhasggsyiptf"
"camreggtggsyiptf",952,"camreggtggsyiptf"
"camredsygnnrlaf",953,"camredsygnnrlaf"
"camreppygnnrlaf",953,"camreppygnnrlaf"
"camrtgfqklvf",954,"camrtgfqklvf"
"camregfmntgfqklvf",955,"camregfmntgfqklvf"
"camregrtggfktif",956,"camregrtggfktif"
"camregrvggfktif",956,"camregrvggfktif"
"cammaggfktif",957,"cammaggfktif"
"camsydtggfktif",957,"camsydtggfktif"
"camreaytggfktif",956,"camreaytggfktif"
"camsyaggfktif",957,"camsyaggfktif"
"camreggtggfktif",956,"camreggtggfktif"
"carppggfktif",958,"carppggfktif"
"calltgggnkltf",959,"calltgggnkltf"
"calrggggnkltf",959,"calrggggnkltf"
"calhtgggnkltf",959,"calhtgggnkltf"
"calmagggnkltf",959,"calmagggnkltf"
"calsptgggnkltf",959,"calsptgggnkltf"
"calknsgystltf",960,"calknsgystltf"
"calsgsgystltf",960,"calsgsgystltf"
"calsghssyklif",961,"calsghssyklif"
"casrpmdssyklif",962,"casrpmdssyklif"
"caltpsggyqkvtf",963,"caltpsggyqkvtf"
"calsggyqkvtf",963,"calsggyqkvtf"
"caltrnsggyqkvtf",963,"caltrnsggyqkvtf"
"calknqagtalif",964,"calknqagtalif"
"calpqlsdgqkllf",965,"calpqlsdgqkllf"
"calqaagnkltf",966,"calqaagnkltf"
"calsgraagnkltf",967,"calsgraagnkltf"
"calnigaagnkltf",968,"calnigaagnkltf"
"calsgdrgstlgrlyf",969,"calsgdrgstlgrlyf"
"calhdrgstlgrlyf",969,"calhdrgstlgrlyf"
"callsndyklsf",970,"callsndyklsf"
"calsprdyklsf",971,"calsprdyklsf"
"calrhdyklsf",972,"calrhdyklsf"
"calitndyklsf",970,"calitndyklsf"
"cagynfnkfyf",973,"cagynfnkfyf"
"caiynfnkfyf",973,"caiynfnkfyf"
"calqrdfnkfyf",974,"calqrdfnkfyf"
"calsgsarqltf",975,"calsgsarqltf"
"cappplissgsarqltf",976,"cappplissgsarqltf"
"calspissgsarqltf",977,"calspissgsarqltf"
"caiggsarqltf",975,"caiggsarqltf"
"caldnqggklif",978,"caldnqggklif"
"calstptlynqggklif",979,"calstptlynqggklif"
"calhfynqggklif",980,"calhfynqggklif"
"calrkglynqggklif",981,"calrkglynqggklif"
"calslnswgklqf",982,"calslnswgklqf"
"calsattdswgklqf",983,"calsattdswgklqf"
"calrnygqnfvf",984,"calrnygqnfvf"
"calstlnygqnfvf",984,"calstlnygqnfvf"
"caltnygqnfvf",984,"caltnygqnfvf"
"calsaegygqnfvf",985,"calsaegygqnfvf"
"calsginygqnfvf",984,"calsginygqnfvf"
"capytgkstf",986,"capytgkstf"
"callnagkstf",987,"callnagkstf"
"calrrtnagkstf",988,"calrrtnagkstf"
"caltytnagkstf",988,"caltytnagkstf"
"calkparntplvf",989,"calkparntplvf"
"callpnsgntplvf",990,"callpnsgntplvf"
"calrpgsgntplvf",990,"calrpgsgntplvf"
"calragntplvf",991,"calragntplvf"
"calvssaskiif",992,"calvssaskiif"
"calspyssaskiif",993,"calspyssaskiif"
"calsgagdkiif",994,"calsgagdkiif"
"calsgqndkiif",994,"calsgqndkiif"
"calnmdrddkiif",995,"calnmdrddkiif"
"calegarlmf",996,"calegarlmf"
"calrnnarlmf",997,"calrnnarlmf"
"calsdwvgrlmf",998,"calsdwvgrlmf"
"casgggatnklif",999,"casgggatnklif"
"calkfggatnklif",999,"calkfggatnklif"
"calseyggatnklif",1000,"calseyggatnklif"
"calgggatnklif",999,"calgggatnklif"
"caltrsmdsnyqliw",1001,"caltrsmdsnyqliw"
"caltmdsnyqliw",1001,"caltmdsnyqliw"
"calnmdsnyqliw",1001,"calnmdsnyqliw"
"calkslsnyqliw",1002,"calkslsnyqliw"
"castyntdklif",1003,"castyntdklif"
"calnrgdklif",1004,"calnrgdklif"
"calgvlkgfgnvlhc",1005,"calgvlkgfgnvlhc"
"calmtgannlff",1006,"calmtgannlff"
"caltgqtgannlff",1007,"caltgqtgannlff"
"callhgsgntgklif",1008,"callhgsgntgklif"
"calirssntgklif",1009,"calirssntgklif"
"cafgssntgklif",1009,"cafgssntgklif"
"calsgssntgklif",1009,"calsgssntgklif"
"calesgssntgklif",1009,"calesgssntgklif"
"calsggsntgklif",1009,"calsggsntgklif"
"calkggssntgklif",1009,"calkggssntgklif"
"calggssntgklif",1009,"calggssntgklif"
"calsalnagnnrkliw",1010,"calsalnagnnrkliw"
"calidagnmltf",1011,"calidagnmltf"
"calrnnagnmltf",1012,"calrnnagnmltf"
"caslnnnagnmltf",1012,"caslnnnagnmltf"
"calsgtgnagnmltf",1013,"calsgtgnagnmltf"
"calsghnagnmltf",1013,"calsghnagnmltf"
"calgaanagnmltf",1014,"calgaanagnmltf"
"calsgpragnmltf",1013,"calsgpragnmltf"
"callpggynklif",1015,"callpggynklif"
"calsgsggynklif",1016,"calsgsggynklif"
"calppggynklif",1015,"calppggynklif"
"calsvnsggynklif",1016,"calsvnsggynklif"
"calrwtsgtykyif",1017,"calrwtsgtykyif"
"calreasgtykyif",1017,"calreasgtykyif"
"calrgasgtykyif",1017,"calrgasgtykyif"
"calgkasgtykyif",1017,"calgkasgtykyif"
"calhsgtykyif",1017,"calhsgtykyif"
"calstsgtykyif",1017,"calstsgtykyif"
"calrlgsgtykyif",1017,"calrlgsgtykyif"
"calvtsgtykyif",1017,"calvtsgtykyif"
"calrrgsgtykyif",1017,"calrrgsgtykyif"
"calrsasgtykyif",1017,"calrsasgtykyif"
"calrsyggsqgnlif",1018,"calrsyggsqgnlif"
"caliyggsqgnlif",1018,"caliyggsqgnlif"
"calsgrgggsqgnlif",1019,"calsgrgggsqgnlif"
"calrrgsqgnlif",1020,"calrrgsqgnlif"
"calssynnndmrf",1021,"calssynnndmrf"
"calsvtgtaskltf",1022,"calsvtgtaskltf"
"calltgtaskltf",1022,"calltgtaskltf"
"calgvsgtaskltf",1022,"calgvsgtaskltf"
"calspldgnklvf",1023,"calspldgnklvf"
"caltgdfgnekltf",1024,"caltgdfgnekltf"
"callsgnekltf",1024,"callsgnekltf"
"calrgfgnekltf",1024,"calrgfgnekltf"
"calmgfgnekltf",1024,"calmgfgnekltf"
"calrggnekltf",1024,"calrggnekltf"
"calkngmtgnqfyf",1025,"calkngmtgnqfyf"
"calqgnqfyf",1026,"calqgnqfyf"
"capdtgrraltf",1027,"capdtgrraltf"
"calsgrggggtsygkltf",1028,"calsgrggggtsygkltf"
"caltgtsygkltf",1029,"caltgtsygkltf"
"calipggtsygkltf",1030,"calipggtsygkltf"
"calkmaggtsygkltf",1031,"calkmaggtsygkltf"
"caeaggtsygkltf.1",536,"caeaggtsygkltf.1"
"calgpgsggsnykltf",1032,"calgpgsggsnykltf"
"calpsggsnykltf",1032,"calpsggsnykltf"
"calsgresggsnykltf",1033,"calsgresggsnykltf"
"calnsggsnykltf",1032,"calnsggsnykltf"
"calsgregaqklvf",1034,"calsgregaqklvf"
"calsgksgaqklvf",1034,"calsgksgaqklvf"
"calsegwgaqklvf",1035,"calsegwgaqklvf"
"calsvvqgaqklvf",1036,"calsvvqgaqklvf"
"calsgggseklvf",1037,"calsgggseklvf"
"caqetsgsrltf",1038,"caqetsgsrltf"
"calrtasgsrltf",1039,"calrtasgsrltf"
"caltgsrltf",1040,"caltgsrltf"
"calyrqetsgsrltf",1041,"calyrqetsgsrltf"
"calmlrtsgsrltf",1042,"calmlrtsgsrltf"
"cegetsgsrltf",1038,"cegetsgsrltf"
"calisggsyiptf",1043,"calisggsyiptf"
"callgrgsyiptf",1043,"callgrgsyiptf"
"calsggsyiptf",1043,"calsggsyiptf"
"callnrlaf",1044,"callnrlaf"
"calrstgfqklvf",1045,"calrstgfqklvf"
"calsgrvigfqklvf",1046,"calsgrvigfqklvf"
"caldntgfqklvf",1045,"caldntgfqklvf"
"calstgfqklvf",1045,"calstgfqklvf"
"calwvntgfqklvf",1045,"calwvntgfqklvf"
"callpgfqklvf",1045,"callpgfqklvf"
"calntgfqklvf",1045,"calntgfqklvf"
"catdtgggnkltf",1047,"catdtgggnkltf"
"catdvtgggnkltf",1047,"catdvtgggnkltf"
"catgltgggnkltf",1047,"catgltgggnkltf"
"catgdtgggnkltf",1047,"catgdtgggnkltf"
"catgptgggnkltf",1047,"catgptgggnkltf"
"catgftgggnkltf",1047,"catgftgggnkltf"
"catvptgggnkltf",1047,"catvptgggnkltf"
"catvltgggnkltf",1047,"catvltgggnkltf"
"catgqagggnkltf",1047,"catgqagggnkltf"
"catgatgggnkltf",1047,"catgatgggnkltf"
"catdvitgggnkltf",1047,"catdvitgggnkltf"
"catggpltgggnkltf",1047,"catggpltgggnkltf"
"cataliltgggnkltf",1048,"cataliltgggnkltf"
"camprvgggnkltf",1049,"camprvgggnkltf"
"capgltgggnkltf",1047,"capgltgggnkltf"
"catapiltgggnkltf",1048,"catapiltgggnkltf"
"catgttgggnkltf",1047,"catgttgggnkltf"
"cattftgggnkltf",1047,"cattftgggnkltf"
"catasnsgystltf",1050,"catasnsgystltf"
"caysgystltf",1051,"caysgystltf"
"catdasgystltf",1051,"catdasgystltf"
"caterystltf",1051,"caterystltf"
"camggystltf",1051,"camggystltf"
"catagystltf",1051,"catagystltf"
"catvpnsgystltf",1050,"catvpnsgystltf"
"caivtsgystltf",1052,"caivtsgystltf"
"catdagystltf",1051,"catdagystltf"
"catapqgsyklif",1053,"catapqgsyklif"
"cataqmdssyklif",1054,"cataqmdssyklif"
"catdpsvggyqkvtf",1055,"catdpsvggyqkvtf"
"catdpggyqkvtf",1055,"catdpggyqkvtf"
"catdegyqkvtf",1055,"catdegyqkvtf"
"catgtnsggyqkvtf",1056,"catgtnsggyqkvtf"
"caafsggyqkvtf",1057,"caafsggyqkvtf"
"catapnsggyqkvtf",1056,"catapnsggyqkvtf"
"catdeagtalif",1058,"catdeagtalif"
"catdrqagtalif",1058,"catdrqagtalif"
"cataagtalif",1058,"cataagtalif"
"catdavqagtalif",1058,"catdavqagtalif"
"catgnqagtalif",1058,"catgnqagtalif"
"catdllgqkllf",1059,"catdllgqkllf"
"catgkvdgqkllf",1060,"catgkvdgqkllf"
"cathpldgqkllf",1061,"cathpldgqkllf"
"catatvsdgqkllf",1062,"catatvsdgqkllf"
"catdawsdgqkllf",1063,"catdawsdgqkllf"
"catskaagnkltf",1064,"catskaagnkltf"
"catdvnkaagnkltf",1065,"catdvnkaagnkltf"
"catdlmikaagnkltf",1066,"catdlmikaagnkltf"
"catdgrgstlgrlyf",1067,"catdgrgstlgrlyf"
"catdapdrgstlgrlyf",1068,"catdapdrgstlgrlyf"
"catgfirgstlgrlyf",1069,"catgfirgstlgrlyf"
"catdagdyklsf",1070,"catdagdyklsf"
"catgglrrdyklsf",1071,"catgglrrdyklsf"
"catdgndyklsf",1070,"catdgndyklsf"
"catdvsdyklsf",1070,"catdvsdyklsf"
"catendyklsf",1070,"catendyklsf"
"calsynfnkfyf",1072,"calsynfnkfyf"
"catdssnfnkfyf",1073,"catdssnfnkfyf"
"capwasgsarqltf",1074,"capwasgsarqltf"
"catvpissgsarqltf",1075,"catvpissgsarqltf"
"calissgsarqltf",1076,"calissgsarqltf"
"catdadgsarqltf",1077,"catdadgsarqltf"
"catlnsgsarqltf",1078,"catlnsgsarqltf"
"catdnqggklif",1079,"catdnqggklif"
"catenqggklif",1079,"catenqggklif"
"catalyqggklif",1080,"catalyqggklif"
"catdaqrggklif",1079,"catdaqrggklif"
"catdapdswgklqf",1081,"catdapdswgklqf"
"catdtgwgklqf",1082,"catdtgwgklqf"
"catvsttdswgklqf",1083,"catvsttdswgklqf"
"catvgswgklqf",1084,"catvgswgklqf"
"catddnygqnfvf",1085,"catddnygqnfvf"
"catdawdnygqnfvf",1085,"catdawdnygqnfvf"
"catagsygqnfvf",1086,"catagsygqnfvf"
"catrglnntnagkstf",1087,"catrglnntnagkstf"
"catvsdagkstf",1088,"catvsdagkstf"
"catalnagkstf",1088,"catalnagkstf"
"catgdntnagkstf",1088,"catgdntnagkstf"
"catgdtnagkstf",1088,"catgdtnagkstf"
"catggtnagkstf",1088,"catggtnagkstf"
"catgsnagkstf",1088,"catgsnagkstf"
"catdarsgagsyqltf",1089,"catdarsgagsyqltf"
"catgrsgagsyqltf",1089,"catgrsgagsyqltf"
"catddgsgagsyqltf",1089,"catddgsgagsyqltf"
"catvaysgagsyqltf",1089,"catvaysgagsyqltf"
"catrevgagsyqltf",1090,"catrevgagsyqltf"
"cavgagsyqltf",1091,"cavgagsyqltf"
"capktgagsyqltf",1091,"capktgagsyqltf"
"cataaasgagsyqltf",1089,"cataaasgagsyqltf"
"catgagsyqltf",1091,"catgagsyqltf"
"catvpssgagsyqltf",1089,"catvpssgagsyqltf"
"catesgntplvf",1092,"catesgntplvf"
"catggntplvf",1092,"catggntplvf"
"catdagtplvf",1092,"catdagtplvf"
"catalggntplvf",1092,"catalggntplvf"
"catghsgntplvf",1092,"catghsgntplvf"
"caapsgntplvf",1092,"caapsgntplvf"
"catdrgntplvf",1092,"catdrgntplvf"
"catdaganrddkiif",1093,"catdaganrddkiif"
"casnrddkiif",1094,"casnrddkiif"
"catarnnarlmf",1095,"catarnnarlmf"
"catgfnarlmf",1095,"catgfnarlmf"
"catdrnnarlmf",1095,"catdrnnarlmf"
"catagrgnarlmf",1095,"catagrgnarlmf"
"catdkgnarlmf",1095,"catdkgnarlmf"
"catdaglgnarlmf",1095,"catdaglgnarlmf"
"catdsnnnarlmf",1095,"catdsnnnarlmf"
"catdaknarlmf",1095,"catdaknarlmf"
"campynnarlmf",1095,"campynnarlmf"
"catvegarlmf",1096,"catvegarlmf"
"catynnarlmf",1095,"catynnarlmf"
"catdnarlmf",1095,"catdnarlmf"
"catennarlmf",1095,"catennarlmf"
"catesnarlmf",1095,"catesnarlmf"
"catgiyggatnklif",1097,"catgiyggatnklif"
"catdargggatnklif",1098,"catdargggatnklif"
"catdgggatnklif",1098,"catdgggatnklif"
"catdpdsnyqliw",1099,"catdpdsnyqliw"
"catddrsnyqliw",1099,"catddrsnyqliw"
"catrradsnyqliw",1100,"catrradsnyqliw"
"catarvaysnyqliw",1101,"catarvaysnyqliw"
"catnsmdsnyqliw",1102,"catnsmdsnyqliw"
"catgdsnyqliw",1099,"catgdsnyqliw"
"catdgfhyqliw",1103,"catdgfhyqliw"
"catisyntdklif",1104,"catisyntdklif"
"catdrntdklif",1104,"catdrntdklif"
"catddyntdklif",1104,"catddyntdklif"
"catvlsyntdklif",1104,"catvlsyntdklif"
"capsgggfgnvlhc",1105,"capsgggfgnvlhc"
"captqtgannlff",1106,"captqtgannlff"
"casrggannlff",1107,"casrggannlff"
"catvqtgannlff",1106,"catvqtgannlff"
"catyqtgannlff",1106,"catyqtgannlff"
"catdssntgklif",1108,"catdssntgklif"
"catskvggssntgklif",1109,"catskvggssntgklif"
"catdgargntgklif",1110,"catdgargntgklif"
"catstsntgklif",1108,"catstsntgklif"
"catdkrgsgntgklif",1111,"catdkrgsgntgklif"
"capfegklif",1112,"capfegklif"
"catdakgssntgklif",1113,"catdakgssntgklif"
"catvtytgklif",1114,"catvtytgklif"
"catdarsssntgklif",1113,"catdarsssntgklif"
"catdesntgklif",1108,"catdesntgklif"
"catvlgfnagnnrkliw",1115,"catvlgfnagnnrkliw"
"cvrgcagnnrkliw",1116,"cvrgcagnnrkliw"
"catnnagnmltf",1117,"catnnagnmltf"
"catdrnagnmltf",1117,"catdrnagnmltf"
"catdaptagnmltf",1118,"catdaptagnmltf"
"catainnagnmltf",1117,"catainnagnmltf"
"catdkgnmltf",1119,"catdkgnmltf"
"cagggnagnmltf",1120,"cagggnagnmltf"
"catvplragnmltf",1121,"catvplragnmltf"
"catdagvsggynklif",1122,"catdagvsggynklif"
"catgysggynklif",1122,"catgysggynklif"
"catdpfsggynklif",1122,"catdpfsggynklif"
"catapfsggynklif",1122,"catapfsggynklif"
"catdgrsggynklif",1122,"catdgrsggynklif"
"cataqrgynklif",1123,"cataqrgynklif"
"catvpsgtykyif",1124,"catvpsgtykyif"
"catpdsgtykyif",1124,"catpdsgtykyif"
"catdetgtykyif",1124,"catdetgtykyif"
"catdlsgtykyif",1124,"catdlsgtykyif"
"catavgrgtykyif",1125,"catavgrgtykyif"
"catensgtykyif",1124,"catensgtykyif"
"catlssvgtykyif",1126,"catlssvgtykyif"
"catdasgtykyif",1124,"catdasgtykyif"
"catsgsgtykyif",1124,"catsgsgtykyif"
"cappsgtykyif",1124,"cappsgtykyif"
"caagrrgaykyif",1127,"caagrrgaykyif"
"cataasgtykyif",1124,"cataasgtykyif"
"catapsgtykyif",1124,"catapsgtykyif"
"catesvttykyif",1128,"catesvttykyif"
"catgegrtsgtykyif",1129,"catgegrtsgtykyif"
"catgytsgtykyif",1130,"catgytsgtykyif"
"cfqsgtykyif",1131,"cfqsgtykyif"
"cassisgyalnf",1132,"cassisgyalnf"
"catsnsnsgyalnf",1133,"catsnsnsgyalnf"
"capdensgyalnf",1134,"capdensgyalnf"
"catdgasnsnsgyalnf",1135,"catdgasnsnsgyalnf"
"catdpsgsgyalnf",1136,"catdpsgsgyalnf"
"cavtggsqgnlif",1137,"cavtggsqgnlif"
"catdahfyggsqgnlif",1138,"catdahfyggsqgnlif"
"catifwggsqgnlif",1139,"catifwggsqgnlif"
"categgnndmrf",1140,"categgnndmrf"
"catdsgnnndmrf",1141,"catdsgnnndmrf"
"catpyfndmrf",1142,"catpyfndmrf"
"cakagtaskltf",1143,"cakagtaskltf"
"catalrgtaskltf",1143,"catalrgtaskltf"
"catddgtaskltf",1143,"catddgtaskltf"
"cataagtaskltf",1143,"cataagtaskltf"
"catvytgtaskltf",1144,"catvytgtaskltf"
"catgapysgggadgltf",1145,"catgapysgggadgltf"
"catderggadgltf",1146,"catderggadgltf"
"catgligrggadgltf",1147,"catgligrggadgltf"
"catdtsgggadgltf",1146,"catdtsgggadgltf"
"catggtgggadgltf",1146,"catggtgggadgltf"
"catdpsgggadgltf",1146,"catdpsgggadgltf"
"catkdsgggadgltf",1146,"catkdsgggadgltf"
"catdgsgggadgltf",1146,"catdgsgggadgltf"
"catdrgggadgltf",1146,"catdrgggadgltf"
"catyggggadgltf",1146,"catyggggadgltf"
"cattngnklvf",1148,"cattngnklvf"
"catdrygnklvf",1148,"catdrygnklvf"
"catvpmeygnklvf",1149,"catvpmeygnklvf"
"capmeygnklvf",1149,"capmeygnklvf"
"catdangnklvf",1148,"catdangnklvf"
"catanfgnekltf",1150,"catanfgnekltf"
"cangrgnekltf",1151,"cangrgnekltf"
"catdaganfgnekltf",1152,"catdaganfgnekltf"
"catdavpnfgnekltf",1152,"catdavpnfgnekltf"
"catdfgnekltf",1150,"catdfgnekltf"
"catdggtgnqfyf",1153,"catdggtgnqfyf"
"cayggnqfyf",1154,"cayggnqfyf"
"catdiqfyf",1155,"catdiqfyf"
"cathtgrraltf",1156,"cathtgrraltf"
"catalytgrraltf",1156,"catalytgrraltf"
"cattdtgrraltf",1156,"cattdtgrraltf"
"cavrgtgrraltf",1157,"cavrgtgrraltf"
"cggrdtgrraltf",1158,"cggrdtgrraltf"
"catdgntgrraltf",1159,"catdgntgrraltf"
"catmldtgrraltf",1156,"catmldtgrraltf"
"caymdtgrraltf",1156,"caymdtgrraltf"
"catdtrasydkvif",1160,"catdtrasydkvif"
"caiptmktsydkvif",1161,"caiptmktsydkvif"
"catdgsnaggtsygkltf",1162,"catdgsnaggtsygkltf"
"catgspggtsygkltf",1162,"catgspggtsygkltf"
"catdavggtsygkltf",1162,"catdavggtsygkltf"
"catdgtggtsygkltf",1162,"catdgtggtsygkltf"
"carnfpggtsygkltf",1163,"carnfpggtsygkltf"
"catdaraggtsygkltf",1162,"catdaraggtsygkltf"
"catdgshanaggtsygkltf",1162,"catdgshanaggtsygkltf"
"catggtsygkltf",1162,"catggtsygkltf"
"catdggtsygkltf",1162,"catdggtsygkltf"
"catdsggtsygkltf",1162,"catdsggtsygkltf"
"catdaggtsygkltf",1162,"catdaggtsygkltf"
"cadaggtsygkltf",1162,"cadaggtsygkltf"
"catdlrgtsygkltf",1162,"catdlrgtsygkltf"
"catelanaggtsygkltf",1164,"catelanaggtsygkltf"
"cataslaggtsygkltf",1162,"cataslaggtsygkltf"
"catdavgaggtsygkltf",1162,"catdavgaggtsygkltf"
"caplgstsygkltf",1165,"caplgstsygkltf"
"catvfanaggtsygkltf",1164,"catvfanaggtsygkltf"
"catsnaggtsygkltf",1162,"catsnaggtsygkltf"
"catalaggtsygkltf",1162,"catalaggtsygkltf"
"caprsnykltf",1166,"caprsnykltf"
"catdggsnykltf",1167,"catdggsnykltf"
"catdggggsnykltf",1167,"catdggggsnykltf"
"catensggsnykltf",1167,"catensggsnykltf"
"capqrgsnykltf",1166,"capqrgsnykltf"
"catalhpqgggsnykltf",1168,"catalhpqgggsnykltf"
"catdrssnykltf",1167,"catdrssnykltf"
"catdhvgsnykltf",1167,"catdhvgsnykltf"
"catasnsggsnykltf",1167,"catasnsggsnykltf"
"caterggsnykltf",1167,"caterggsnykltf"
"catdirgsnykltf",1167,"catdirgsnykltf"
"catdkgsnykltf",1167,"catdkgsnykltf"
"catdargaqklvf",1169,"catdargaqklvf"
"catiiqgaqklvf",1170,"catiiqgaqklvf"
"cataafiqgaqklvf",1171,"cataafiqgaqklvf"
"catdgwgaqklvf",1169,"catdgwgaqklvf"
"catdaaqklvf",1169,"catdaaqklvf"
"chiqgaqklvf",1172,"chiqgaqklvf"
"catekqgaqklvf",1170,"catekqgaqklvf"
"catdawgaqklvf",1169,"catdawgaqklvf"
"catdgelsvgaqklvf",1173,"catdgelsvgaqklvf"
"cateiqgaqklvf",1170,"cateiqgaqklvf"
"catdwgqklvf",1169,"catdwgqklvf"
"catyyytganskltf",1174,"catyyytganskltf"
"catspltganskltf",1175,"catspltganskltf"
"catepganskltf",1176,"catepganskltf"
"catplranskltf",1177,"catplranskltf"
"catvfgganskltf",1178,"catvfgganskltf"
"catddtganskltf",1179,"catddtganskltf"
"catdagtganskltf",1179,"catdagtganskltf"
"catgntganskltf",1179,"catgntganskltf"
"catpqggseklvf",1180,"catpqggseklvf"
"cathrieggseklvf",1181,"cathrieggseklvf"
"catdapqggseklvf",1180,"catdapqggseklvf"
"catdnpqggseklvf",1180,"catdnpqggseklvf"
"casitqggseklvf",1180,"casitqggseklvf"
"cattpqggseklvf",1180,"cattpqggseklvf"
"caisqggseklvf",1180,"caisqggseklvf"
"capvptqggseklvf",1182,"capvptqggseklvf"
"catdplifvagggseklvf",1183,"catdplifvagggseklvf"
"catgpqggseklvf",1180,"catgpqggseklvf"
"catgsqggseklvf",1180,"catgsqggseklvf"
"catgvtsgsrltf",1184,"catgvtsgsrltf"
"catdagasgsrltf",1185,"catdagasgsrltf"
"catrqqtsgsrltf",1186,"catrqqtsgsrltf"
"cakgesgsrltf",1184,"cakgesgsrltf"
"catdakrtsgsrltf",1187,"catdakrtsgsrltf"
"capetsgsrltf",1184,"capetsgsrltf"
"catgraetsgsrltf",1184,"catgraetsgsrltf"
"catgetsgsrltf",1184,"catgetsgsrltf"
"catprvtsgsrltf",1184,"catprvtsgsrltf"
"catdaarggsrltf",1188,"catdaarggsrltf"
"catdtsgsrltf",1184,"catdtsgsrltf"
"catdarsggsyiptf",1189,"catdarsggsyiptf"
"catdgsyiptf",1190,"catdgsyiptf"
"casasggsyiptf",1191,"casasggsyiptf"
"catdnlsggsyiptf",1189,"catdnlsggsyiptf"
"catdeggsyiptf",1190,"catdeggsyiptf"
"casisggsyiptf",1191,"casisggsyiptf"
"cassggsyiptf",1191,"cassggsyiptf"
"catdgdgnnrlaf",1192,"catdgdgnnrlaf"
"cvdygnnrlaf",1193,"cvdygnnrlaf"
"catdaefldrlaf",1194,"catdaefldrlaf"
"catddtgfqklvf",1195,"catddtgfqklvf"
"casntgfqklvf",1196,"casntgfqklvf"
"catatntggfktif",1197,"catatntggfktif"
"catgsntggfktif",1197,"catgsntggfktif"
"catdrntggfktif",1197,"catdrntggfktif"
"catvntggfktif",1197,"catvntggfktif"
"catntggfktif",1197,"catntggfktif"
"catapytggfktif",1197,"catapytggfktif"
"categnggfktif",1198,"categnggfktif"
"cathtppggfktif",1199,"cathtppggfktif"
"capdtggfktif",1197,"capdtggfktif"
"cataaggfktif",1197,"cataaggfktif"
"cathggfktif",1197,"cathggfktif"
"calrvrtgggnkltf",1200,"calrvrtgggnkltf"
"calsltgggnkltf",1201,"calsltgggnkltf"
"capsltgggnkltf",1201,"capsltgggnkltf"
"calseakgggnkltf",1202,"calseakgggnkltf"
"caltitgggnkltf",1201,"caltitgggnkltf"
"calsstgggnkltf",1201,"calsstgggnkltf"
"calrpgnsgystltf",1203,"calrpgnsgystltf"
"calseakdssyklif",1204,"calseakdssyklif"
"calsgssnsggyqkvtf",1205,"calsgssnsggyqkvtf"
"calsvhsggyqkvtf",1206,"calsvhsggyqkvtf"
"calsgsmnsggyqkvtf",1205,"calsgsmnsggyqkvtf"
"calseaqagtalif",1207,"calseaqagtalif"
"calkddqagtalif",1208,"calkddqagtalif"
"calseagtalif",1207,"calseagtalif"
"calsgprfsdgqkllf",1209,"calsgprfsdgqkllf"
"calseagfsdgqkllf",1210,"calseagfsdgqkllf"
"calseafsdgqkllf",1210,"calseafsdgqkllf"
"calseaiaagnkltf",1211,"calseaiaagnkltf"
"caliwaagnkltf",1212,"caliwaagnkltf"
"capirsndyklsf",1213,"capirsndyklsf"
"caltndyklsf",1214,"caltndyklsf"
"calsgvnfnkfyf",1215,"calsgvnfnkfyf"
"calnnfnkfyf",1216,"calnnfnkfyf"
"calgvgnfnkfyf",1215,"calgvgnfnkfyf"
"calsganfnkfyf",1215,"calsganfnkfyf"
"calsergsarqltf",1217,"calsergsarqltf"
"calsegrgnynqggklif",1218,"calsegrgnynqggklif"
"calseaynqggklif",1219,"calseaynqggklif"
"calkeynqggklif",1219,"calkeynqggklif"
"calsgnnqggklif",1220,"calsgnnqggklif"
"caleedswgklqf",1221,"caleedswgklqf"
"calsetnygqnfvf",1222,"calsetnygqnfvf"
"callrdnygqnfvf",1222,"callrdnygqnfvf"
"calsrrnygqnfvf",1222,"calsrrnygqnfvf"
"calseagtnagkstf",1223,"calseagtnagkstf"
"cairgnagkstf",1224,"cairgnagkstf"
"calsewvtnagkstf",1223,"calsewvtnagkstf"
"calseggtnagkstf",1223,"calseggtnagkstf"
"caltatnagkstf",1225,"caltatnagkstf"
"calselyanagkstf",1226,"calselyanagkstf"
"calvtnagkstf",1225,"calvtnagkstf"
"calldtnagkstf",1225,"calldtnagkstf"
"calgnsgagsyqltf",1227,"calgnsgagsyqltf"
"calsasgagsyqltf",1227,"calsasgagsyqltf"
"calsedpsgagsyqltf",1227,"calsedpsgagsyqltf"
"caligragsyqltf",1228,"caligragsyqltf"
"calrdpgagsyqltf",1229,"calrdpgagsyqltf"
"calseqsgagsyqltf",1227,"calseqsgagsyqltf"
"cafrpgagsyqltf",1229,"cafrpgagsyqltf"
"calsnsgntplvf",1230,"calsnsgntplvf"
"calseargsgntplvf",1231,"calseargsgntplvf"
"calseissaskiif",1232,"calseissaskiif"
"calgmyssaskiif",1233,"calgmyssaskiif"
"calagyssaskiif",1233,"calagyssaskiif"
"calstmnrddkiif",1234,"calstmnrddkiif"
"calrrgrddkiif",1235,"calrrgrddkiif"
"calsdwnrddkiif",1234,"calsdwnrddkiif"
"calseanddkiif",1236,"calseanddkiif"
"caltrpnrddkiif",1237,"caltrpnrddkiif"
"calsvdkiif",1238,"calsvdkiif"
"calsgnnarlmf",1239,"calsgnnarlmf"
"cakwnnnarlmf",1240,"cakwnnnarlmf"
"calsesnnarlmf",1239,"calsesnnarlmf"
"calseagnarlmf",1239,"calseagnarlmf"
"calssnnnarlmf",1239,"calssnnnarlmf"
"calsdlraggatnklif",1241,"calsdlraggatnklif"
"calrldsnyqliw",1242,"calrldsnyqliw"
"calsegedsnyqliw",1243,"calsegedsnyqliw"
"calsegppgdsnyqliw",1244,"calsegppgdsnyqliw"
"calseadsnyqliw",1243,"calseadsnyqliw"
"calsegdsnyqliw",1243,"calsegdsnyqliw"
"calksyntdklif",1245,"calksyntdklif"
"calyntdklif",1245,"calyntdklif"
"calseagfgnvlhc",1246,"calseagfgnvlhc"
"calseatlgfgnvlhc",1246,"calseatlgfgnvlhc"
"calsagfgnvlhc",1246,"calsagfgnvlhc"
"calsewgannlff",1247,"calsewgannlff"
"caltgannlff",1248,"caltgannlff"
"calrggqtgannlff",1249,"calrggqtgannlff"
"calseartgannlff",1250,"calseartgannlff"
"calnsgntgklif",1251,"calnsgntgklif"
"cvlsgssntgklif",1252,"cvlsgssntgklif"
"calselhssntgklif",1253,"calselhssntgklif"
"calsearsntgklif",1254,"calsearsntgklif"
"calkgpntgklif",1255,"calkgpntgklif"
"carlgagnnrkliw",1256,"carlgagnnrkliw"
"calseavrgagnnrkliw",1257,"calseavrgagnnrkliw"
"calmnnnagnmltf",1258,"calmnnnagnmltf"
"calseglgnagnmltf",1259,"calseglgnagnmltf"
"calrapfsggynklif",1260,"calrapfsggynklif"
"calrsggynklif",1261,"calrsggynklif"
"calsepsggynklif",1262,"calsepsggynklif"
"calsedpgtykyif",1263,"calsedpgtykyif"
"calsgtlsgtykyif",1264,"calsgtlsgtykyif"
"calspttsgtykyif",1264,"calspttsgtykyif"
"calsytsgtykyif",1264,"calsytsgtykyif"
"calsdpsgyalnf",1265,"calsdpsgyalnf"
"calsapardsnsgyalnf",1266,"calsapardsnsgyalnf"
"calseansgyalnf",1267,"calseansgyalnf"
"calnggsqgnlif",1268,"calnggsqgnlif"
"calseanyggsqgnlif",1269,"calseanyggsqgnlif"
"calrvynnndmrf",1270,"calrvynnndmrf"
"calshnndmrf",1271,"calshnndmrf"
"calsapksgtaskltf",1272,"calsapksgtaskltf"
"calgggagtaskltf",1273,"calgggagtaskltf"
"callntgtaskltf",1274,"callntgtaskltf"
"calsggagtaskltf",1273,"calsggagtaskltf"
"calqpmeygnklvf",1275,"calqpmeygnklvf"
"calslrgnklvf",1276,"calslrgnklvf"
"capqpgnekltf",1277,"capqpgnekltf"
"calhnfgnekltf",1278,"calhnfgnekltf"
"calsesrgnekltf",1279,"calsesrgnekltf"
"calvtntgnqfyf",1280,"calvtntgnqfyf"
"calsdptntgnqfyf",1281,"calsdptntgnqfyf"
"calserntgnqfyf",1282,"calserntgnqfyf"
"calseglntgnqfyf",1282,"calseglntgnqfyf"
"cpsdtgrraltf",1283,"cpsdtgrraltf"
"calsgyaggtsygkltf",1284,"calsgyaggtsygkltf"
"caltsggtsygkltf",1285,"caltsggtsygkltf"
"calmngygkltf",1286,"calmngygkltf"
"calslpsfnsggsnykltf",1287,"calslpsfnsggsnykltf"
"calseargsnykltf",1288,"calseargsnykltf"
"calsgsnykltf",1289,"calsgsnykltf"
"calseamsggaqklvf",1290,"calseamsggaqklvf"
"calsedqgaqklvf",1291,"calsedqgaqklvf"
"calsfksganskltf",1292,"calsfksganskltf"
"calseganskltf",1293,"calseganskltf"
"calsegtganskltf",1293,"calsegtganskltf"
"calseaqsetganskltf",1294,"calseaqsetganskltf"
"calgltganskltf",1295,"calgltganskltf"
"calseaaganskltf",1293,"calseaaganskltf"
"capttganskltf",1296,"capttganskltf"
"calsslpqggseklvf",1297,"calsslpqggseklvf"
"calsgtqggseklvf",1298,"calsgtqggseklvf"
"calsealaqggseklvf",1299,"calsealaqggseklvf"
"calsgvgggsrltf",1300,"calsgvgggsrltf"
"calsearetsgsrltf",1301,"calsearetsgsrltf"
"calspktsgsrltf",1302,"calspktsgsrltf"
"calseaggsyiptf",1303,"calseaggsyiptf"
"calsdsasggsyiptf",1304,"calsdsasggsyiptf"
"calsvpgggsyiptf",1305,"calsvpgggsyiptf"
"calsesfasggsyiptf",1304,"calsesfasggsyiptf"
"calsvggnnrlaf",1306,"calsvggnnrlaf"
"calseppcygnnrlaf",1307,"calseppcygnnrlaf"
"calsvygnnrlaf",1306,"calsvygnnrlaf"
"calspegtgfqklvf",1308,"calspegtgfqklvf"
"calsesalmntgfqklvf",1309,"calsesalmntgfqklvf"
"calsgntggfktif",1310,"calsgntggfktif"
"calghtggfktif",1310,"calghtggfktif"
"calseaggmgntggfktif",1311,"calseaggmgntggfktif"
"calsesggfktif",1312,"calsesggfktif"
"cavftgggnkltf",1313,"cavftgggnkltf"
"cavgrdsgystltf",1314,"cavgrdsgystltf"
"cavgrystltf",1314,"cavgrystltf"
"cavgsgystltf",1314,"cavgsgystltf"
"cavekggystltf",1314,"cavekggystltf"
"cavdgsgystltf",1314,"cavdgsgystltf"
"cavedrhsgystltf",1315,"cavedrhsgystltf"
"cavegdsgystltf",1314,"cavegdsgystltf"
"caveggystltf",1314,"caveggystltf"
"cavegsgystltf",1314,"cavegsgystltf"
"cavyvgdssyklif",1316,"cavyvgdssyklif"
"cavedssyklif",1317,"cavedssyklif"
"cavedrssyklif",1317,"cavedrssyklif"
"cavpnsggyqkvtf",1318,"cavpnsggyqkvtf"
"cvphsggyqkvtf",1318,"cvphsggyqkvtf"
"cavgnsggyqkvtf",1318,"cavgnsggyqkvtf"
"cavevdqagtalif",1319,"cavevdqagtalif"
"cavsanqagtalif",1320,"cavsanqagtalif"
"cavedpqagtalif",1319,"cavedpqagtalif"
"cavegqagtalif",1319,"cavegqagtalif"
"cavpyqagtalif",1319,"cavpyqagtalif"
"cavevqagtalif",1319,"cavevqagtalif"
"calpnqagtalif",1319,"calpnqagtalif"
"cavdgtalif",1321,"cavdgtalif"
"cavedgsdgqkllf",1322,"cavedgsdgqkllf"
"cavsrgqkllf",1322,"cavsrgqkllf"
"cavasdgqkllf",1322,"cavasdgqkllf"
"cavgpgsdgqkllf",1322,"cavgpgsdgqkllf"
"cavepsdgqkllf",1322,"cavepsdgqkllf"
"cavedrraagnkltf",1323,"cavedrraagnkltf"
"cavedraagnkltf",1323,"cavedraagnkltf"
"cavvevkaagnkltf",1324,"cavvevkaagnkltf"
"cavedkgyklsf",1325,"cavedkgyklsf"
"cavetdyklsf",1325,"cavetdyklsf"
"cavagdyklsf",1325,"cavagdyklsf"
"cavegndyklsf",1325,"cavegndyklsf"
"cavendyklsf",1325,"cavendyklsf"
"cavedrdyklsf",1325,"cavedrdyklsf"
"cavatndyklsf",1325,"cavatndyklsf"
"cavedhiklsf",1326,"cavedhiklsf"
"cavgtdyklsf",1325,"cavgtdyklsf"
"cavedlsdyklsf",1325,"cavedlsdyklsf"
"cavedrgdyklsf",1325,"cavedrgdyklsf"
"cavevlndyklsf",1325,"cavevlndyklsf"
"cavgegfnkfyf",1327,"cavgegfnkfyf"
"cavvnfnkfyf",1327,"cavvnfnkfyf"
"cavegynfnkfyf",1327,"cavegynfnkfyf"
"cavggnfnkfyf",1327,"cavggnfnkfyf"
