clone_id	barcodes
clonotype1	ACGGCCACATCCTTGC-1,ACGGGCTCAAGTAATG-1,ACTGATGCATCGGACC-1,AGGCCGTTCTTGTATC-1,AGTGAGGGTCGTTGTA-1,ATTGGACTCCGTCAAA-1,CAAGATCAGGGCTTGA-1,CAAGATCCATGATCCA-1,CAGCCGAGTGAGCGAT-1,CATCAAGTCGATGAGG-1,CCACGGATCCAAACTG-1,CGACCTTGTATGAATG-1,CTCCTAGAGCGTAATA-1,GACGTGCAGTCGTTTG-1,GACTAACGTCATACTG-1,GATCGTAGTCCATCCT-1,GCAATCAAGTTCGCGC-1,GGAGCAATCCACGACG-1,GGATTACTCCAAATGC-1,GGTGCGTAGGACGAAA-1,GTACGTATCCTGCTTG-1,TCAATCTCACCAGATT-1,TTAACTCTCGTTACGA-1,TTGAACGAGCGTGTCC-1
clonotype10	ATCATCTCATCCGGGT-1,GTCCTCAGTATATGAG-1,TGGCCAGCACACGCTG-1
clonotype100	CGCGTTTCAGATTGCT-1
clonotype1000	CAGAATCGTTGGTGGA-1
clonotype1001	CCCAGTTCAACTGCTA-1
clonotype1002	TACTTGTCACTGTGTA-1
clonotype1003	TCACAAGTCCTTTCGG-1
clonotype1004	TCAGCTCCACTGCCAG-1
clonotype1005	AGTAGTCTCCAAAGTC-1
clonotype1007	CCAATCCCATAAGACA-1
clonotype1008	AGGGTGAAGCAATATG-1
clonotype1009	GAGGTGATCCCGGATG-1
clonotype101	TGCTGCTCAAGACGTG-1
clonotype1010	CTGTGCTTCTTTACGT-1
clonotype1011	TGATTTCTCGCCTGTT-1
clonotype1012	CATTCGCTCCAGATCA-1
clonotype1013	TTCTACAAGTTTAGGA-1
clonotype1014	TACTTGTTCTTGTACT-1
clonotype1015	CGGACGTAGTATCTCG-1
clonotype1016	GATCGCGAGCAATATG-1
clonotype1017	AGCTTGATCCGCGCAA-1
clonotype1018	CGTCAGGAGCTGTTCA-1
clonotype1019	GACGCGTGTACTCGCG-1
clonotype102	CTCACACCACTTACGA-1
clonotype1020	AGGCCACGTCATCCCT-1
clonotype1021	ATCATGGAGTGCAAGC-1
clonotype1022	CCTCAGTAGGGAACGG-1
clonotype1023	CGTCAGGAGCCCAGCT-1
clonotype1024	CAAGAAAGTGTGAATA-1
clonotype1025	GGGATGAGTCTCTTTA-1
clonotype1026	CGTAGCGGTCTTGATG-1
clonotype1027	AATCCAGGTAAATACG-1
clonotype1028	GGGCATCGTACAAGTA-1
clonotype1029	TGAGCATTCGGTTCGG-1
clonotype103	ATCCACCAGATATGCA-1
clonotype1030	TAAACCGTCTGTCTCG-1
clonotype1031	CGCGTTTTCGAGGTAG-1
clonotype1032	GTCTCGTAGCTAGTTC-1
clonotype1033	CCACTACTCCTCATTA-1
clonotype1034	AAAGCAAGTAACGTTC-1
clonotype1035	AGGTCATAGAGATGAG-1
clonotype1036	CGTGTCTTCACAGGCC-1
clonotype1037	CGATGGCGTTAAGGGC-1
clonotype1038	CACACAAAGAACTCGG-1
clonotype1039	CTGAAGTGTAAATACG-1
clonotype104	TGTGTTTAGTACACCT-1
clonotype1040	AGGTCATCACGTAAGG-1
clonotype1041	GCAATCATCCAAACAC-1
clonotype1042	CTAGAGTGTTAAGACA-1
clonotype1043	CATTCGCGTTAAGAAC-1
clonotype1044	CGGACGTGTAAATGTG-1
clonotype1045	AGCGTCGCAACGATCT-1
clonotype1046	CTGCGGATCCATGAGT-1
clonotype1047	GTGAAGGAGACAGACC-1
clonotype1048	AATCCAGGTCACACGC-1
clonotype1049	ACCTTTATCAAACCAC-1
clonotype105	GGCCGATAGGACACCA-1
clonotype1050	ATGGGAGAGACAGGCT-1
clonotype1051	AAATGCCGTATATGAG-1
clonotype1052	AAGACCTGTCCATCCT-1
clonotype1053	ACAGCCGGTTAAGAAC-1
clonotype1054	AATCGGTTCCGCGCAA-1
clonotype1055	CGCGTTTTCTGTCCGT-1
clonotype1056	GGGAATGTCTGAGTGT-1
clonotype1057	TGGACGCGTAGCGTCC-1
clonotype1058	CACCTTGGTATTCTCT-1
clonotype106	ACATCAGAGAGTAATC-1
clonotype1060	CGGCTAGTCGACGGAA-1
clonotype1061	CAGGTGCTCTCCCTGA-1
clonotype1062	CTTACCGTCATGTCTT-1
clonotype1063	ACTGATGCAACGATCT-1
clonotype1064	AGTGTCAAGAGACTAT-1
clonotype1065	CGCGGTAAGAATTCCC-1
clonotype1066	TCGGTAATCATTGCGA-1
clonotype1067	TTAGGCATCATCTGTT-1
clonotype1068	GGGCATCTCCCTGACT-1
clonotype1069	ATAACGCAGACCTTTG-1
clonotype107	GTACTTTTCAAGATCC-1
clonotype1070	TCAGGATGTGATAAGT-1
clonotype1071	GCGCCAAAGCCACGCT-1
clonotype1072	GAACATCAGTCCAGGA-1
clonotype1073	GACCAATTCGGCATCG-1
clonotype1074	CTCACACAGACATAAC-1
clonotype1075	GGCAATTAGCGATATA-1
clonotype1076	CCAATCCAGAGTGAGA-1
clonotype1077	TTTGGTTCAGCTGGCT-1
clonotype1078	TGTCCCAGTGATGATA-1
clonotype1079	AAATGCCTCCCTTGTG-1
clonotype108	TGTTCCGTCATAAAGG-1
clonotype1080	TAGCCGGGTAGTACCT-1
clonotype1081	AGCTCCTGTTCCCGAG-1
clonotype1082	TAAGCGTTCCTTCAAT-1
clonotype1083	ACAGCCGCACCGATAT-1
clonotype1084	GACTAACAGACTCGGA-1
clonotype1085	GTCATTTTCCGCATAA-1
clonotype1086	ATAGACCAGTGAACGC-1
clonotype1087	GTAGTCAGTAACGACG-1
clonotype1088	GACACGCAGATATACG-1
clonotype1089	CTCCTAGCAATAGCAA-1
clonotype109	TACGGATGTAAGAGAG-1
clonotype1090	AGGGAGTGTACGACCC-1
clonotype1091	CGTGAGCGTCTGATTG-1
clonotype1092	CCTCAGTCAGTGGGAT-1
clonotype1093	ACACCAATCGGCTACG-1
clonotype1094	CACATAGCATCCTAGA-1
clonotype1095	AACTCAGAGAGTACAT-1
clonotype1096	ACATCAGGTGCGAAAC-1
clonotype1097	AGCTCCTGTACCAGTT-1
clonotype1098	TAAACCGCATACCATG-1
clonotype1099	ATGTGTGTCGAACGGA-1
clonotype11	AGATCTGAGTGGGTTG-1,GCGGGTTTCGGTTCGG-1,GGAATAAGTAGCCTAT-1
clonotype110	CATATTCGTGTCAATC-1
clonotype1100	ACCAGTAGTACTCAAC-1
clonotype1101	AAACGGGAGTGTGGCA-1
clonotype1102	CCCAATCGTCTAGTCA-1
clonotype1103	AAAGTAGTCATTATCC-1
clonotype1104	CTCTACGGTCACACGC-1
clonotype1105	CATATTCAGCTGTCTA-1
clonotype1106	TCGCGAGAGTTAAGTG-1
clonotype1107	CCTACACTCAATAAGG-1
clonotype1108	AAAGTAGAGAAGGTGA-1
clonotype1109	GTACGTAGTAGAAGGA-1
clonotype111	GTGGGTCCAGTATAAG-1
clonotype1110	GTTTCTAGTCGAGATG-1
clonotype1111	CTAGTGAGTCCAAGTT-1
clonotype1112	AGGTCATTCCAAATGC-1
clonotype1113	CACTCCATCCCACTTG-1
clonotype1114	CCTAAAGAGAGATGAG-1
clonotype1115	CCCAATCTCTTGTACT-1
clonotype1116	GAATGAATCTTGTTTG-1
clonotype1117	ATGGGAGTCTGGCGAC-1
clonotype1118	ATAACGCGTGGTAACG-1
clonotype1119	AGCAGCCGTGAGTGAC-1
clonotype112	GTGCAGCCAGCAGTTT-1
clonotype1120	GCGAGAATCCTCGCAT-1
clonotype1122	TGCCAAAGTGAAGGCT-1
clonotype1123	GTCACAAAGAGTCGGT-1
clonotype1124	TACCTATGTTGAGGTG-1
clonotype1125	TGCCAAAAGGGATACC-1
clonotype1126	GGTATTGAGAAGATTC-1
clonotype1127	AACTGGTCAATCCGAT-1
clonotype1128	CCCTCCTAGAAGGCCT-1
clonotype1129	AAGGTTCAGCATGGCA-1
clonotype113	ACGAGCCGTATGAAAC-1
clonotype1130	GGGTTGCTCTGATACG-1
clonotype1131	TGCGCAGTCACTTCAT-1
clonotype1132	CCAGCGAAGGACACCA-1
clonotype1133	TACTTGTTCGCCATAA-1
clonotype1134	TGAAAGACACAACGCC-1
clonotype1135	CGCTTCAAGAGAACAG-1
clonotype1136	CTCGAGGAGCTGCGAA-1
clonotype1137	CTCGAAACATGTAGTC-1
clonotype1138	ACGGAGACACATGGGA-1
clonotype1139	GTCGTAACATCACGTA-1
clonotype114	CATCGGGCATGCCACG-1
clonotype1140	AGAGCTTCAGGAATGC-1
clonotype1141	CGATTGACATCTGGTA-1
clonotype1142	CGTAGGCCACACCGAC-1
clonotype1143	CAGAGAGCAGCTGTAT-1
clonotype1144	CAGAGAGTCCCTTGCA-1
clonotype1145	TCCACACAGTCGAGTG-1
clonotype1146	CGGAGTCCACGAAATA-1
clonotype1147	TCGAGGCAGACAGACC-1
clonotype1148	ACGCCAGGTAGCTGCC-1
clonotype1149	ACGTCAAGTCTCACCT-1
clonotype115	ATCGAGTTCCGCAGTG-1
clonotype1150	GAGCAGATCGCTTAGA-1
clonotype1151	TACGGGCAGTAGGCCA-1
clonotype1152	CAGCTGGTCCTATTCA-1
clonotype1153	GTAGGCCCATTGAGCT-1
clonotype1154	TGCGGGTTCAGTCAGT-1
clonotype1155	CGAGCACGTCTAGGTT-1
clonotype1156	CCACGGAGTTACGGAG-1
clonotype1157	CAGCATATCAACCAAC-1
clonotype1158	GAACATCAGATAGTCA-1
clonotype1159	TTCTCAATCAGAGCTT-1
clonotype116	TTAGGACGTTTGTGTG-1
clonotype1160	TCACAAGCAGCTGCTG-1
clonotype1161	TGAGGGAAGCGTAATA-1
clonotype1162	CACACAATCTCGTTTA-1
clonotype1163	ATAGACCCACATTTCT-1
clonotype1164	ATCTGCCAGCACCGTC-1
clonotype1165	GTGCATAAGAGAACAG-1
clonotype1166	GATTCAGAGGATGTAT-1
clonotype1167	GGGTCTGCAAACCTAC-1
clonotype1168	GCTTCCAGTTGGGACA-1
clonotype1169	TAAGTGCAGGCGATAC-1
clonotype117	CTCGAGGAGACGCACA-1
clonotype1170	GTTTCTACAGGCTCAC-1
clonotype1171	CTAGCCTAGTACTTGC-1
clonotype1172	GTGAAGGGTTAAGACA-1
clonotype1173	ACACCGGTCACCGTAA-1
clonotype1174	ACGATGTGTCAAAGCG-1
clonotype1175	CATCGGGGTCTAGTCA-1
clonotype1176	TGTGGTATCCTACAGA-1
clonotype1177	TTAGGACGTTGTACAC-1
clonotype1178	CGGACTGAGCTAGTTC-1
clonotype1179	ATCCACCGTGTTCGAT-1
clonotype118	CCATTCGGTGCCTTGG-1
clonotype1180	CGTCAGGCAAAGTGCG-1
clonotype1181	CTAGAGTTCTTGTATC-1
clonotype1182	TTCCCAGAGGATGCGT-1
clonotype1183	CTACCCAGTGCGATAG-1
clonotype1184	TAGCCGGCAGTAAGAT-1
clonotype1185	GTCACAATCCCTTGCA-1
clonotype1186	GTACTTTTCTCCAGGG-1
clonotype1187	TTCGGTCAGAGGTACC-1
clonotype1188	ATTGGTGTCGGATGGA-1
clonotype1189	CGTGAGCCACGGCTAC-1
clonotype119	ACTGATGAGTGCCATT-1
clonotype1190	GAAATGAGTGTGCGTC-1
clonotype1191	AACGTTGAGGAGTCTG-1
clonotype1192	GGCGTGTTCGGCATCG-1
clonotype1193	GCGCGATGTGTCAATC-1
clonotype1194	TCACGAATCGATGAGG-1
clonotype1195	ACTGAGTAGCGATAGC-1
clonotype1196	TCGCGTTAGCGTAGTG-1
clonotype1197	AGCGTATGTGTGTGCC-1
clonotype1198	TATTACCAGGCCATAG-1
clonotype1199	CATCGAAAGATCCGAG-1
clonotype12	CTTAGGATCACAAACC-1,GAAGCAGAGTGTACGG-1,TAGAGCTGTTACGCGC-1
clonotype120	CGATGTAGTCCTAGCG-1
clonotype1200	GTCAAGTTCCCACTTG-1
clonotype1201	AAAGCAATCGCAAGCC-1
clonotype1202	CTACCCATCAACGAAA-1
clonotype1203	TGAGGGATCTTGCCGT-1
clonotype1204	GGGATGAAGAATGTGT-1
clonotype1205	TGTGGTACAGTACACT-1
clonotype1206	ATCACGACAGGTGCCT-1
clonotype1207	TGTGGTAGTGAGCGAT-1
clonotype1208	CAGTCCTTCAAAGTAG-1
clonotype1209	AGGTCCGAGGACATTA-1
clonotype121	GACTGCGAGCGTGAAC-1
clonotype1210	CTTTGCGGTATCAGTC-1
clonotype1211	TAAGTGCTCGTTGACA-1
clonotype1212	CACATTTGTCCCTACT-1
clonotype1213	AACCATGTCACAATGC-1
clonotype1214	GGACATTTCTCGATGA-1
clonotype1215	CGTCTACTCATCGATG-1
clonotype1216	GATGAAATCCGAGCCA-1
clonotype1217	GTAGTCACATATGAGA-1
clonotype1218	GCCTCTAAGTCCATAC-1
clonotype1219	TACACGAGTAAGAGGA-1
clonotype122	TGTGTTTCACGTTGGC-1
clonotype1220	GTACTCCCAAGCCGTC-1
clonotype1221	TTATGCTGTAGCCTAT-1
clonotype1222	TAAGTGCAGGGATCTG-1
clonotype1223	ACCAGTATCATTCACT-1
clonotype1224	AACGTTGTCCGGGTGT-1
clonotype123	GTGAAGGCAGCTATTG-1
clonotype124	GACGCGTGTTTGTTTC-1
clonotype125	CCTTTCTCAAGGTGTG-1
clonotype1256	CGAGAAGCATACGCTA-1
clonotype1257	ATCATCTAGCTATGCT-1
clonotype1258	AAAGTAGTCACAACGT-1
clonotype1259	ACGCCGAAGCATCATC-1
clonotype126	AAATGCCCATGGGACA-1
clonotype1260	ACACCAACAGGTTTCA-1
clonotype1261	CCGGGATGTAATTGGA-1
clonotype1262	CCTACCATCAGAGCTT-1
clonotype1263	GTGTTAGTCAGTGCAT-1
clonotype1264	CTCGAAAAGCAGACTG-1
clonotype1265	TGCTGCTAGTGTGAAT-1
clonotype1266	GAACATCCAAGTCTAC-1
clonotype1267	GAGGTGATCATACGGT-1
clonotype1268	GTCTCGTGTCTGGTCG-1
clonotype1269	GGCCGATAGCCAGTTT-1
clonotype127	TTAACTCTCACAGGCC-1
clonotype1271	ACGATGTAGAATGTTG-1
clonotype1272	TTTATGCAGATGCCTT-1
clonotype1273	CTTACCGAGGCATTGG-1
clonotype1274	ACGGAGAAGTAGTGCG-1
clonotype1275	TCGGTAATCGTTTAGG-1
clonotype1276	GGACAGACATACCATG-1
clonotype1277	CCCAGTTAGACTGTAA-1
clonotype1278	CCACCTAGTACACCGC-1
clonotype1279	CATCAGACAGTCAGCC-1
clonotype128	CCTAAAGTCTGTGCAA-1
clonotype1280	TCATTACAGCACCGTC-1
clonotype1281	GGAGCAATCTGTCTAT-1
clonotype1282	CATCAAGGTCATACTG-1
clonotype1283	TGCTACCCAGAGTGTG-1
clonotype1284	ACACCGGCACATCCGG-1
clonotype1285	TCTCATACACCAACCG-1
clonotype1286	CAGTAACCACGGTAAG-1
clonotype1287	TACCTTAAGCTAACAA-1
clonotype1288	AGCTTGAAGGCCCTTG-1
clonotype1289	CGGGTCACACACCGAC-1
clonotype1290	ACGGGTCAGATGTGTA-1
clonotype1291	CTTAGGATCCTAGGGC-1
clonotype1292	AGTCTTTGTTGGAGGT-1
clonotype1293	GACGTGCCATTTGCTT-1
clonotype1294	CAGCCGAAGTGAAGAG-1
clonotype1295	GATTCAGTCTGATACG-1
clonotype1296	CTAATGGGTCTCCATC-1
clonotype1297	GGACATTGTGAAATCA-1
clonotype1298	CTCGGAGGTCAGAAGC-1
clonotype1299	TGCCCATCATGGTTGT-1
clonotype13	TCAGGATCAGGTCTCG-1,TGAGAGGTCGTACGGC-1,TGCCCTATCTAACGGT-1
clonotype1300	CGTGTAAGTCCGAACC-1
clonotype1301	CACCAGGCACGGACAA-1
clonotype1302	TCGCGAGGTCTCCATC-1
clonotype1303	GGACAAGGTAGCTGCC-1
clonotype1304	GGTGCGTTCAGAGACG-1
clonotype1305	GACTAACCAAGTCTAC-1
clonotype1306	TGAGAGGTCTTAGAGC-1
clonotype1307	CATCGGGGTACCATCA-1
clonotype1308	ATAGACCAGTGAAGAG-1
clonotype1309	ACACCGGGTCCGTTAA-1
clonotype1310	CACTCCACAGTTCATG-1
clonotype1311	CAGCAGCAGTATCTCG-1
clonotype1312	GGACGTCAGAGCTTCT-1
clonotype1313	GCAAACTTCAGGCCCA-1
clonotype1314	CGCCAAGAGCTAGGCA-1
clonotype1315	CACACCTCAATCCGAT-1
clonotype1316	TCACGAAGTTCCAACA-1
clonotype1317	CTCGAGGAGGAATCGC-1
clonotype1318	TTGACTTGTGACGGTA-1
clonotype1319	TTGGAACTCAGGATCT-1
clonotype1320	AGCTCCTAGGCTAGCA-1
clonotype1321	CTACCCAGTGACGCCT-1
clonotype1322	TGTTCCGAGCCACGCT-1
clonotype1323	CTTACCGAGTGAAGTT-1
clonotype1324	TTCCCAGGTAGAGGAA-1
clonotype1325	GGCTCGAGTGTGACGA-1
clonotype1326	CCATGTCCAAACAACA-1
clonotype1327	ACGATGTTCCTTAATC-1
clonotype1328	GTCCTCAAGTGGGATC-1
clonotype1329	ACTGAGTGTGTGCGTC-1
clonotype1330	AGTTGGTTCACCTTAT-1
clonotype1331	AAATGCCCAAGCGAGT-1
clonotype1332	ATCCGAATCTGCGACG-1
clonotype1333	CGCCAAGTCACTATTC-1
clonotype1334	GCGGGTTTCTCTGTCG-1
clonotype1335	AGCAGCCTCAGGCAAG-1
clonotype1336	CTTACCGTCCTTTACA-1
clonotype1337	AGTTGGTCAGTCAGCC-1
clonotype1338	TTAGTTCCAGTTAACC-1
clonotype1339	AGGTCCGAGGGTGTTG-1
clonotype1340	AGATCTGCATCACGAT-1
clonotype1341	CTGCCTATCTCGTTTA-1
clonotype1342	GTTCATTAGTATTGGA-1
clonotype1343	GAGCAGACAGCCTGTG-1
clonotype1344	CGGCTAGGTAATCGTC-1
clonotype1345	CAGCATATCGTAGGAG-1
clonotype1346	TGCGCAGTCAGTTTGG-1
clonotype1347	CCTTCCCTCCGGCACA-1
clonotype1348	GACACGCGTGCGGTAA-1
clonotype1349	TCAGCAACATGGAATA-1
clonotype1350	TTTCCTCTCCGAGCCA-1
clonotype1351	ACTGCTCTCCTTTCGG-1
clonotype1352	CGATTGAAGAGGTTGC-1
clonotype1353	GACTACACAGGCTGAA-1
clonotype1354	GGACATTGTTGGTTTG-1
clonotype1355	CATCAAGGTAATAGCA-1
clonotype1356	CTCTAATAGAATTGTG-1
clonotype1357	TGTCCCATCTGGGCCA-1
clonotype1358	AGGGATGAGGAATTAC-1
clonotype1359	CTCTGGTAGTTTGCGT-1
clonotype1360	CTTAACTCAGATGGGT-1
clonotype1361	CATCCACAGGGTTCCC-1
clonotype1362	GTGTGCGGTCTCATCC-1
clonotype1363	ATCACGAAGTGCCATT-1
clonotype1364	ACGCCGACAACACGCC-1
clonotype1365	GCTGCGAAGCGTTCCG-1
clonotype1366	ATGAGGGCATGAAGTA-1
clonotype1367	GTGTGCGAGATTACCC-1
clonotype1368	CGCGGTAGTCCTCCAT-1
clonotype1369	GGGCATCCATTTCACT-1
clonotype1370	TGAGGGATCCGGCACA-1
clonotype1371	ACGGGTCAGTGTACGG-1
clonotype1372	CCGGTAGTCCGCGTTT-1
clonotype1373	TAGTGGTGTTGAGGTG-1
clonotype1374	GACGTTAAGTGAACAT-1
clonotype1375	TCGGTAATCAAGGCTT-1
clonotype1376	CGATGTAAGTCCGGTC-1
clonotype1377	CTACATTTCCCGGATG-1
clonotype1378	TGCCAAATCAGCACAT-1
clonotype1379	AGATCTGGTAGCTTGT-1
clonotype1380	CCTTCGAGTGCCTGCA-1
clonotype1381	GGGACCTAGACACGAC-1
clonotype1382	TATGCCCTCTGTCAAG-1
clonotype1383	TGACTTTTCTGATTCT-1
clonotype1384	TCTGAGATCCACTGGG-1
clonotype1385	GACTAACGTCACTTCC-1
clonotype1386	CACTCCACATGCATGT-1
clonotype1387	TCGGGACTCGGATGTT-1
clonotype1388	GGTATTGGTAAATGTG-1
clonotype1389	CATATGGTCCACTCCA-1
clonotype139	GAACATCTCCCATTAT-1
clonotype1390	GCAAACTCATCTCGCT-1
clonotype1391	TGTTCCGAGTTAAGTG-1
clonotype1392	CTACATTTCCTAGGGC-1
clonotype1393	TTTATGCGTGTGAAAT-1
clonotype1394	TCTCTAATCTCCAGGG-1
clonotype1395	TACCTATGTTCATGGT-1
clonotype1396	TCGTACCGTTTAGGAA-1
clonotype1397	CCTTCCCCATAGGATA-1
clonotype1398	GACGTGCCATGGTCTA-1
clonotype1399	GCCTCTATCTTGCCGT-1
clonotype14	ACGAGCCCACTCGACG-1,ATGTGTGCACTGTCGG-1,CCACTACTCATGTAGC-1
clonotype140	AACCATGGTACCGCTG-1
clonotype1400	TGACTTTCATCCAACA-1
clonotype1401	GATCTAGTCAGTTAGC-1
clonotype1402	GTGCATAGTCCGTCAG-1
clonotype1403	ATCTACTAGCTACCTA-1
clonotype1404	TTATGCTAGTTTAGGA-1
clonotype1405	TGTTCCGAGTAGATGT-1
clonotype1406	TAAACCGCAATGGACG-1
clonotype1407	TGTTCCGTCGGTTCGG-1
clonotype1408	ATTTCTGGTTCGTTGA-1
clonotype1409	CCTAAAGGTTGTACAC-1
clonotype141	TAGACCAGTCCATCCT-1
clonotype1410	TAGCCGGGTATAATGG-1
clonotype1411	CACTCCATCCAGATCA-1
clonotype1412	CCACGGACAATGAAAC-1
clonotype1413	CCGTACTTCGATGAGG-1
clonotype1414	TACAGTGTCCTCGCAT-1
clonotype1415	ACATACGAGTTTCCTT-1
clonotype1416	CGATGTATCATGTCTT-1
clonotype1417	ACTTTCAAGAAGGTTT-1
clonotype1418	AAGGCAGGTCGCGAAA-1
clonotype1419	TGGGAAGCACACATGT-1
clonotype142	TTGGAACGTCAAAGCG-1
clonotype1420	GGATGTTTCGCCGTGA-1
clonotype1421	GTACTCCAGCCACGCT-1
clonotype1422	TCACAAGTCGAACGGA-1
clonotype1423	AAAGATGGTCGGCACT-1
clonotype1424	AGGGATGAGGTTACCT-1
clonotype1425	CTTACCGGTCATACTG-1
clonotype1426	CACATAGAGTCGATAA-1
clonotype1427	AGCTCTCTCTCAAGTG-1
clonotype1428	CAGATCAAGTAGATGT-1
clonotype1429	CAGCTAATCAAACGGG-1
clonotype143	CTTAGGAAGTGTTTGC-1
clonotype1430	GATCGATGTGATAAAC-1
clonotype1431	GGCAATTAGTTTAGGA-1
clonotype1432	ACATACGTCACAATGC-1
clonotype1433	ACGAGGATCGCGATCG-1
clonotype1434	ATGGGAGGTAGAAGGA-1
clonotype1435	TTAACTCTCGTGGTCG-1
clonotype1436	CACTCCAGTTGCTCCT-1
clonotype1438	ATCCGAACATAAGACA-1
clonotype144	GATCTAGAGATGAGAG-1
clonotype1440	CTCAGAAGTGTTGGGA-1
clonotype1441	GGCGACTGTTCGGGCT-1
clonotype1442	GTCTCGTCACATGTGT-1
clonotype1443	TGAGCATCACATAACC-1
clonotype1444	GCCTCTAAGGTGCAAC-1
clonotype1445	CTCGGGACACTTCGAA-1
clonotype1446	CTCCTAGAGAAGGCCT-1
clonotype1447	CACACCTGTGTGCCTG-1
clonotype1448	CCTACACAGAAGGTGA-1
clonotype1449	CAGCGACCAATACGCT-1
clonotype145	TGTGGTAGTGTTGGGA-1
clonotype1450	AGATCTGAGAACTGTA-1
clonotype1451	GTCACAATCATACGGT-1
clonotype1452	CGGGTCAGTTTACTCT-1
clonotype1453	GCCTCTATCAGTTAGC-1
clonotype1454	ACCAGTAAGGGATACC-1
clonotype1455	ACGGGCTGTTGGGACA-1
clonotype1456	GAGGTGAAGAGCCCAA-1
clonotype1457	ATGTGTGAGGGTGTGT-1
clonotype1458	CCAATCCCAAGACGTG-1
clonotype1459	CTTGGCTAGCTGGAAC-1
clonotype146	TTTGGTTGTGCGATAG-1
clonotype1460	AGTGTCATCGCCAGCA-1
clonotype1461	CCTCTGATCCGCTGTT-1
clonotype1462	TCGCGTTCATCCAACA-1
clonotype1463	GCGCCAAGTCTAGTCA-1
clonotype1464	ATCATGGAGATGTAAC-1
clonotype1465	TGGGAAGTCACTTCAT-1
clonotype1466	CTCGTACTCATGCATG-1
clonotype1467	TAGGCATAGTTGTAGA-1
clonotype1468	GCGAGAAGTAGCTCCG-1
clonotype1469	CATGCCTCACATGGGA-1
clonotype147	CTCATTACAAATTGCC-1
clonotype1470	TTGAACGGTCTAGCGC-1
clonotype1478	GTACTTTTCGAATGGG-1
clonotype1479	ATCTACTTCTCGTTTA-1
clonotype148	CTCGTCAAGTAGGCCA-1
clonotype1480	CGAGCCAAGTCGTTTG-1
clonotype1481	TCACGAAAGTCGTTTG-1
clonotype1482	TGTATTCGTACCCAAT-1
clonotype1483	TTCCCAGTCACGATGT-1
clonotype1484	TTTGGTTAGTGGCACA-1
clonotype1485	ATAGACCAGGTGATTA-1
clonotype1486	TCTTTCCCACCTTGTC-1
clonotype1487	ATAGACCGTGCGGTAA-1
clonotype1488	CCATTCGGTTCCATGA-1
clonotype1489	TTCTCAAGTAGCTTGT-1
clonotype1490	TAGAGCTAGACCTAGG-1
clonotype1491	CACCAGGCAAGTACCT-1
clonotype1492	CATGGCGGTAGGGTAC-1
clonotype1493	TACCTTAGTGAGTATA-1
clonotype1494	AACTCAGCAAGTACCT-1
clonotype1495	CTCTACGTCTACTATC-1
clonotype1496	AGCGTATTCACAGTAC-1
clonotype1497	TTCGGTCTCTGCTTGC-1
clonotype1498	TAAGAGATCAGAAATG-1
clonotype1499	TACTTACGTATGCTTG-1
clonotype15	AGAGTGGTCCCTGACT-1,GCCAAATGTTGTGGCC-1,TTCGGTCCAGTAACGG-1
clonotype150	CATGACATCAGGCAAG-1
clonotype1500	GTAACTGTCTTCATGT-1
clonotype1501	CACCAGGAGTACGCGA-1
clonotype1502	ATCATGGCAGTAACGG-1
clonotype1503	AACTCAGTCTGCGTAA-1
clonotype1504	GAATGAAGTACCATCA-1
clonotype1505	CGTCCATTCCTTAATC-1
clonotype1506	GTCATTTTCTGTCCGT-1
clonotype1507	TGCCCTACACCAGTTA-1
clonotype1508	GCATGCGGTGTGGCTC-1
clonotype1509	CCAGCGAAGCATGGCA-1
clonotype151	GCGACCAAGAGGTAGA-1
clonotype1510	CATGGCGTCCTCAATT-1
clonotype1511	CTCTAATAGGGTGTGT-1
clonotype1512	AATCGGTTCACGGTTA-1
clonotype1513	TACGGGCAGAGACGAA-1
clonotype1514	AGAATAGTCTGAGGGA-1
clonotype1515	AGAGCTTGTACGCTGC-1
clonotype1516	AGACGTTGTTGGACCC-1
clonotype1517	TGGCGCACACCCATTC-1
clonotype1518	GGGTCTGCAATGCCAT-1
clonotype1519	CTGGTCTAGATGCGAC-1
clonotype1520	ACACTGATCCGCATAA-1
clonotype1521	CTGTTTAGTCGTCTTC-1
clonotype1522	CGAATGTGTTGCGTTA-1
clonotype1523	CAAGGCCCAGTCTTCC-1
clonotype1524	CGTAGCGGTTGGAGGT-1
clonotype1525	AGGGAGTTCTTTACGT-1
clonotype1526	CTCTGGTCAATGGAGC-1
clonotype1527	CGCGTTTGTGGCGAAT-1
clonotype1528	CGCGTTTTCGTGACAT-1
clonotype1529	ACTATCTCAGGTCGTC-1
clonotype153	CGGGTCAAGATGTGGC-1
clonotype1530	GACTACAGTCTTTCAT-1
clonotype1531	CTTTGCGTCTCAAGTG-1
clonotype1532	CAACTAGCATGTAAGA-1
clonotype1533	GTAACTGAGTACGCGA-1
clonotype1534	GCGCAACCAGCTGTAT-1
clonotype1535	AGTGTCACAGGCTGAA-1
clonotype1536	GGAATAAGTGCCTGGT-1
clonotype1537	CCGTGGAGTATGAAAC-1
clonotype1538	ACATACGCAATAGAGT-1
clonotype1539	GTCGGGTGTCAAAGCG-1
clonotype154	TGGACGCGTACCGCTG-1
clonotype1540	ATCATCTGTGTGACGA-1
clonotype1541	TAGTGGTAGTGCCAGA-1
clonotype1542	AACTCCCAGGTCGGAT-1
clonotype1543	TGATTTCAGTTCGATC-1
clonotype1544	TATCTCATCCTGTACC-1
clonotype1545	CACTCCAGTAGAAAGG-1
clonotype1546	CTCGAGGTCGCCAGCA-1
clonotype1547	ACGAGGAGTAGGCATG-1
clonotype1548	TGCTACCTCCCTGACT-1
clonotype1549	TTCGGTCGTTAAGATG-1
clonotype155	CCCAGTTGTGTGTGCC-1
clonotype1550	ATGTGTGTCAGCTGGC-1
clonotype1551	TCAGCTCTCATCTGTT-1
clonotype1552	GATGAAAGTCCTCCAT-1
clonotype1553	ATCATGGGTGACGCCT-1
clonotype1554	CTAATGGGTACGCACC-1
clonotype1555	CAGCAGCCAGTACACT-1
clonotype1557	CTGTTTACAACACGCC-1
clonotype1558	CCACGGACAGGTGCCT-1
clonotype1559	AGGGATGAGTGCCAGA-1
clonotype156	TGTATTCGTTCGCTAA-1
clonotype1560	TTCCCAGGTGTGTGCC-1
clonotype1561	AGTAGTCGTGTGACCC-1
clonotype1562	TCGTAGAAGTAATCCC-1
clonotype1563	ATCTACTGTCAGTGGA-1
clonotype1564	GACTGCGTCAACGGCC-1
clonotype1565	GCACTCTCAGCCTTTC-1
clonotype1566	ATCGAGTAGCGAAGGG-1
clonotype1567	TTGGAACTCCAAATGC-1
clonotype1568	GGTATTGTCCTGTAGA-1
clonotype1569	CACCAGGTCAACCATG-1
clonotype157	GCATACAGTCCCTTGT-1
clonotype1570	GGCGTGTCAAGACGTG-1
clonotype1571	TAGGCATGTGCGAAAC-1
clonotype1572	CCAATCCAGAGTCGGT-1
clonotype1573	CGCGGTAAGTGGCACA-1
clonotype1574	TCGAGGCTCCAAGTAC-1
clonotype1575	GTTACAGTCTGCCCTA-1
clonotype1576	CGATGTAAGACACGAC-1
clonotype1577	AAGACCTGTCGGATCC-1
clonotype1578	ACCGTAAAGATGTAAC-1
clonotype1579	GCCAAATCAGCCTTGG-1
clonotype158	GGTGAAGTCCGCTGTT-1
clonotype1580	TTATGCTTCGTAGGAG-1
clonotype1581	CGGAGCTCAATAGCAA-1
clonotype1582	TACGGTACAGTACACT-1
clonotype1583	CCCTCCTAGATGGCGT-1
clonotype1584	CTGATAGGTAGCGCAA-1
clonotype1585	CACAGGCAGACTAGAT-1
clonotype1586	TATCAGGAGGAGTCTG-1
clonotype1587	TGGACGCCAAAGGTGC-1
clonotype1588	CCACCTATCTCGAGTA-1
clonotype1589	CGGACTGAGAAACCAT-1
clonotype159	GGCTGGTTCAGCGATT-1
clonotype1590	TTTACTGAGCGATGAC-1
clonotype1591	GCGGGTTGTAATTGGA-1
clonotype1592	GAACATCCATCGGAAG-1
clonotype1593	TTCGGTCCATTCCTCG-1
clonotype1594	TTCCCAGTCAGCAACT-1
clonotype1595	GACGTGCGTCGCGTGT-1
clonotype1596	TGGGCGTGTAAGGGCT-1
clonotype1597	TTCTCCTGTCGCCATG-1
clonotype1598	TCATTACCAAACTGCT-1
clonotype1599	CACATTTGTAAATGTG-1
clonotype16	ACTGAGTCACATGGGA-1,CACAGTAAGACAGAGA-1,CGTCACTTCTGTTTGT-1
clonotype160	GCTCTGTTCCACGCAG-1
clonotype1603	CATATGGCATATACGC-1
clonotype1604	CCACCTAGTAACGTTC-1
clonotype1605	TTAGGCAAGGCCCGTT-1
clonotype1606	GTACTTTGTCGAGTTT-1
clonotype1607	GATGAGGAGGAATGGA-1
clonotype1608	CTAGTGACACATCCGG-1
clonotype1609	AACTCAGAGCAGCGTA-1
clonotype161	ACTTTCATCTAACGGT-1
clonotype1610	GCTCCTATCACTGGGC-1
clonotype1611	CTTCTCTAGTCTTGCA-1
clonotype1612	GCGCAGTAGGAGCGAG-1
clonotype1613	GACCTGGAGCCAACAG-1
clonotype1614	ACGCCAGAGCCGCCTA-1
clonotype1615	CGATCGGCATAGGATA-1
clonotype1616	AAAGCAATCGTGGGAA-1
clonotype1617	GGAAAGCCAACACCTA-1
clonotype1618	AAAGATGGTCTCGTTC-1
clonotype1619	GTTAAGCGTAGTACCT-1
clonotype1620	CACAAACTCATACGGT-1
clonotype1621	GTATTCTGTCCGAAGA-1
clonotype1622	AGAATAGAGTCTCAAC-1
clonotype1623	ATCGAGTAGTTCGATC-1
clonotype1624	TGACTTTGTAAATGAC-1
clonotype1625	ACACCCTAGTGGACGT-1
clonotype1627	TTTGGTTAGAATTCCC-1
clonotype1628	CGGAGCTCACGAAATA-1
clonotype1629	CAAGATCTCCTCAACC-1
clonotype163	CTGATAGGTCAAAGAT-1
clonotype1630	AACACGTGTTTGACAC-1
clonotype1631	ATCTACTTCGTCCAGG-1
clonotype1632	GATGCTACATAAGACA-1
clonotype1633	TAGCCGGTCGTCCAGG-1
clonotype1634	AACCGCGTCCACGTGG-1
clonotype1635	TTGCCGTTCGGCTACG-1
clonotype1636	CAGCCGACAGCTCGAC-1
clonotype1637	TGACAACAGGTGCTTT-1
clonotype1638	GCGACCATCGACCAGC-1
clonotype1639	GACGTTATCTTCCTTC-1
clonotype164	AGCTCCTAGCAGGTCA-1
clonotype1640	GGAAAGCCAGCGTAAG-1
clonotype1641	CGGACGTTCTCGCTTG-1
clonotype1642	CACACAAGTCTCACCT-1
clonotype1643	GAACATCTCACAGTAC-1
clonotype1644	TTCCCAGAGGCTAGAC-1
clonotype1645	CAGCATACACTTAACG-1
clonotype1646	AATCGGTCAAGCCGCT-1
clonotype1647	TTTGCGCTCTTGCCGT-1
clonotype1648	CCAGCGAAGAGGTTAT-1
clonotype1649	TCTGGAAGTGGTACAG-1
clonotype165	TTTGCGCCATCCTAGA-1
clonotype1650	ACTGCTCTCAATACCG-1
clonotype1651	AACCGCGCAGTTTACG-1
clonotype1652	ATGTGTGTCACAATGC-1
clonotype1653	GTCATTTGTCTCGTTC-1
clonotype1654	TTCTACAAGGAGTCTG-1
clonotype1655	CCTATTACATCACGAT-1
clonotype1656	TACGGATAGCACCGCT-1
clonotype1657	CACATTTAGCACGCCT-1
clonotype166	GTGCAGCGTTGAACTC-1
clonotype1661	AAGCCGCCATACCATG-1
clonotype1662	TTAGTTCCATGAACCT-1
clonotype1663	ATTATCCCAATAGAGT-1
clonotype1664	CCATGTCAGTGTTTGC-1
clonotype1665	CACCACTCACTGTGTA-1
clonotype1666	GTATTCTGTATATCCG-1
clonotype1667	TCTCATATCTCGCTTG-1
clonotype1668	GGGAGATCAGTGAGTG-1
clonotype1669	ATCTACTAGTACGATA-1
clonotype167	TCTATTGTCTCTTGAT-1
clonotype1670	TACTTGTCACATTAGC-1
clonotype1671	CATGCCTAGATAGTCA-1
clonotype1672	GACCTGGAGGCAATTA-1
clonotype1673	ACCAGTAGTAAATACG-1
clonotype1674	CTTCTCTAGGTGATAT-1
clonotype1675	CTGCTGTGTCGTGGCT-1
clonotype1676	TAGAGCTCACGGATAG-1
clonotype1677	AACTCCCTCACTTACT-1
clonotype1678	ACTGAGTAGGCATGGT-1
clonotype1679	GCTGGGTTCTCCCTGA-1
clonotype168	AGCTTGAGTTCACGGC-1
clonotype1680	GGGCACTAGAGGACGG-1
clonotype1681	CTACATTTCGAATGCT-1
clonotype1682	GCTTCCACACGAAATA-1
clonotype1683	TGGCGCACATGGGAAC-1
clonotype1684	CCCATACGTAGGGACT-1
clonotype1685	GATGAGGCAGGCGATA-1
clonotype1686	CGGACACGTGTATGGG-1
clonotype1687	ACTGATGCACCTCGTT-1
clonotype1689	AGGGATGGTGAGCGAT-1
clonotype169	GTCACGGGTAAATGAC-1
clonotype1690	TCGCGTTAGCGCTCCA-1
clonotype1691	CATATGGTCGTCTGCT-1
clonotype1692	AGCATACGTCAGAGGT-1
clonotype1693	CGGACTGAGCTGAAAT-1
clonotype1694	TCGAGGCTCTATCCTA-1
clonotype1695	GATGCTAAGGGCATGT-1
clonotype1696	TCAACGATCATAACCG-1
clonotype1697	GTTCTCGTCCCTAACC-1
clonotype1698	ACTTGTTAGGTGCTTT-1
clonotype1699	ATGTGTGGTAGCTGCC-1
clonotype17	AGGTCATTCTCAAGTG-1,GAATGAAAGTCGATAA-1,GCATGCGCAAGGCTCC-1
clonotype170	ATCTACTGTATTACCG-1
clonotype1700	ACGAGCCAGCACCGCT-1
clonotype1701	CGTCAGGCAACTGGCC-1
clonotype1702	CATATTCAGATCCTGT-1
clonotype1703	CAGAGAGCAGACAAGC-1
clonotype1704	TTTACTGCATGGGAAC-1
clonotype1705	AAATGCCAGGTGATAT-1
clonotype1706	AAAGTAGTCGGACAAG-1
clonotype1708	GAGGTGATCACAGTAC-1
clonotype1709	AATCGGTAGCCAGAAC-1
clonotype171	CGTAGGCGTAGGACAC-1
clonotype1711	AAGGTTCAGTACGATA-1
clonotype1712	GATCGTATCACGACTA-1
clonotype1713	GTGCGGTGTCCGAAGA-1
clonotype1714	CGTTGGGTCTAAGCCA-1
clonotype1715	CCGTGGACATCCTTGC-1
clonotype1716	AGTAGTCCACATGGGA-1
clonotype1717	CAGCGACCATCACCCT-1
clonotype172	GCGCAGTAGCTAAGAT-1
clonotype173	AACTCAGTCTCCCTGA-1
clonotype174	TTGCGTCCAAGAGGCT-1
clonotype175	GATGCTAGTAATCGTC-1
clonotype176	GATTCAGCATCGGACC-1
clonotype177	TGCGTGGGTGAACCTT-1
clonotype178	GCTGCGAGTACTTAGC-1
clonotype179	AGTAGTCGTTTCGCTC-1
clonotype18	AAATGCCAGTTCGCAT-1,GGATGTTAGATGCCAG-1,GGATTACGTAATCGTC-1
clonotype180	CGGGTCACAGGTGGAT-1
clonotype181	TCTGAGAGTAGAGGAA-1
clonotype182	CGTCCATAGTGTACCT-1
clonotype183	TACTCATCAAACGTGG-1
clonotype184	GACTACAGTCTAGTGT-1
clonotype185	GTCGGGTGTATCGCAT-1
clonotype186	TCGGTAACACATTAGC-1
clonotype187	TTCTCAAGTCGCATCG-1
clonotype188	AACTGGTTCAACACAC-1
clonotype189	CACCTTGCAAGGACAC-1
clonotype19	GTCGTAAAGAAGGACA-1,GTTCGGGTCGTCGTTC-1,TGGACGCAGTGTACTC-1
clonotype190	TGGTTCCTCTCGCATC-1
clonotype191	CGAACATCAGCTTCGG-1
clonotype192	ACTTTCAGTGTTCTTT-1
clonotype193	TAGAGCTTCTGGCGAC-1
clonotype194	GATCGCGAGGGATGGG-1
clonotype195	GTCCTCATCCGTAGGC-1
clonotype196	CCTCAGTTCGCCGTGA-1
clonotype198	AACCATGGTACTTAGC-1
clonotype199	ACAGCTAGTGTGACGA-1
clonotype2	ATAAGAGAGGTTACCT-1,CAGAGAGCAAGGTTCT-1,CATCAGAGTTCAGCGC-1,CGTCCATAGCGGATCA-1,CTGCTGTAGGAGTTTA-1,GTAGGCCCACGGTTTA-1,GTATCTTCAGCTCGCA-1,GTATTCTGTGTGGTTT-1,GTTAAGCTCCTGCTTG-1,GTTTCTACAGCGATCC-1,TCAGGTATCATAACCG-1,TGAGAGGGTGATAAGT-1,TTTGGTTCACCTTGTC-1
clonotype20	AGAGTGGGTAAGTAGT-1,GTGGGTCGTACGAAAT-1,TCGGTAAAGATATGGT-1
clonotype200	GTGAAGGCAGTATAAG-1
clonotype201	CATTCGCTCAACTCTT-1
clonotype202	CTAGCCTAGATTACCC-1
clonotype203	ATAGACCCAAAGCGGT-1
clonotype204	CAGCGACAGAGTACAT-1
clonotype205	CCGTACTGTTGTTTGG-1
clonotype206	GTAACTGGTCTTTCAT-1
clonotype207	TTAGGCAAGTTTCCTT-1
clonotype208	AAGGTTCGTACGCTGC-1
clonotype21	CAAGGCCCACGACGAA-1,CGGACACGTCAGAAGC-1,GTATCTTGTGGTTTCA-1
clonotype22	CAGCAGCTCGTAGATC-1,CTAGTGAGTAAGGGCT-1,GCGACCATCCCTGACT-1
clonotype222	GGAATAAGTTAAAGAC-1
clonotype223	CTCGTCAAGTGTCTCA-1
clonotype224	AAATGCCCAGATGGCA-1
clonotype225	CCTTCGACAATAGCGG-1
clonotype226	GGGAGATTCGAGCCCA-1
clonotype227	ACTTGTTGTGTCTGAT-1
clonotype228	GCGACCAAGGCAAAGA-1
clonotype229	TTAGGACCACAGTCGC-1
clonotype23	CAACCTCGTATAATGG-1,CCTCAGTTCAGCTCGG-1
clonotype230	CGCGTTTCATAGTAAG-1
clonotype231	AGATTGCCATCACCCT-1
clonotype232	TACTCATGTTTGTTGG-1
clonotype233	ACTATCTCACGAAATA-1
clonotype234	ATAGACCCACACTGCG-1
clonotype235	CTGCTGTGTCTAAACC-1
clonotype236	GCATGATGTACACCGC-1
clonotype238	GGTATTGAGCCAGAAC-1
clonotype24	ATCATGGAGAGTGAGA-1,CATATGGTCCTGTAGA-1
clonotype240	GATCGCGGTAGAGTGC-1
clonotype241	GCCAAATGTTACCAGT-1
clonotype242	CTAGTGATCTGGGCCA-1
clonotype243	CATGGCGAGTTGAGAT-1
clonotype244	GTGGGTCAGCCACCTG-1
clonotype245	TTCTCCTGTCGCGAAA-1
clonotype246	GATGAGGGTTATGTGC-1
clonotype247	GTTTCTAGTAGCGCTC-1
clonotype248	GAGCAGAGTCGATTGT-1
clonotype249	AGCTCCTTCTGTCAAG-1
clonotype25	CTCGTCACATTGTGCA-1,GAGCAGAAGTCACGCC-1
clonotype250	ACGGGCTAGACTTTCG-1
clonotype251	TTAGGCAAGAAGAAGC-1
clonotype252	ACGAGCCTCTCGCTTG-1
clonotype253	CGAATGTAGCTGTCTA-1
clonotype254	CAGCGACTCTCACATT-1
clonotype255	AGCTCCTTCAAAGTAG-1
clonotype256	GATGAGGTCGGTGTTA-1
clonotype257	CGGACACAGGCGCTCT-1
clonotype258	TGGACGCTCACTATTC-1
clonotype259	CCGTTCATCTAACTCT-1
clonotype26	CCTACACTCCGTTGCT-1,TAAACCGTCGGAATCT-1
clonotype260	GTGGGTCAGCCAGAAC-1
clonotype261	AGCTTGAGTTGACGTT-1
clonotype262	AACTCTTCACCGTTGG-1
clonotype263	CGTCACTTCCAGTATG-1
clonotype264	TGGCCAGGTTCGAATC-1
clonotype265	CCTTTCTTCCGGCACA-1
clonotype266	AACTCTTTCTCCAGGG-1
clonotype268	GTCATTTAGGTGTTAA-1
clonotype27	CACATTTGTACCGCTG-1,GCTCTGTTCCTGTAGA-1
clonotype270	TCTCTAAAGTTGAGAT-1
clonotype271	GACGGCTTCATTGCGA-1
clonotype272	ATCTGCCGTTGGTAAA-1
clonotype273	CCACCTACATGTAAGA-1
clonotype275	AGTCTTTCAGATGGGT-1
clonotype276	CTTTGCGCAATCCAAC-1
clonotype277	CAGCAGCTCCCTTGCA-1
clonotype278	TACAGTGGTAATCACC-1
clonotype279	GACGCGTCAGCCACCA-1
clonotype28	AGTGTCACAAGTTGTC-1,GTATTCTAGTGGGATC-1
clonotype280	CGGAGCTAGGTTCCTA-1
clonotype281	AGCTCCTGTCCTGCTT-1
clonotype282	CTAATGGTCTTTAGTC-1
clonotype283	CAGATCATCTTATCTG-1
clonotype285	CCCAGTTGTAGCCTAT-1
clonotype287	GACGTTAAGTCATGCT-1
clonotype288	GTCCTCAAGAGTCTGG-1
clonotype289	ACACTGAGTCCCTACT-1
clonotype290	TGCGGGTAGAGTGAGA-1
clonotype291	CGTTCTGGTTTGACTG-1
clonotype292	CAACCTCAGCATGGCA-1
clonotype293	GGTGTTAGTCATATGC-1
clonotype294	GGGCATCTCTTTCCTC-1
clonotype295	CTGATCCAGCTGATAA-1
clonotype296	GGTGAAGGTCGAGTTT-1
clonotype297	GAATGAACAAAGTCAA-1
clonotype298	CGATTGAAGTCCGGTC-1
clonotype299	CTCGTACGTCTCTTAT-1
clonotype3	GATGAAAGTGTCCTCT-1,GGAATAACATCCGGGT-1,GTCACAATCGTTGCCT-1,GTCGTAAGTTTGACAC-1,TTGCCGTGTCTGGAGA-1
clonotype30	GCGACCAGTTGATTGC-1,TGTATTCAGGAATCGC-1
clonotype300	GAAATGAGTGATGTCT-1
clonotype301	GCTGCTTTCTGCCAGG-1
clonotype302	GAACCTAAGCCCAGCT-1
clonotype303	CCTCTGAAGTCGATAA-1
clonotype304	TGACTTTTCTTTCCTC-1
clonotype306	ATTTCTGTCTTCGGTC-1
clonotype307	TGTCCCAGTACTTCTT-1
clonotype308	TACTCGCAGTGGACGT-1
clonotype309	GGAGCAATCGGATGTT-1
clonotype31	CTTCTCTCAAATTGCC-1,TCGCGTTCATACCATG-1
clonotype310	GATCAGTGTATCAGTC-1
clonotype311	TTCGAAGTCCAGAAGG-1
clonotype312	TTAGTTCAGACTAGGC-1
clonotype313	AGCGGTCTCATGCTCC-1
clonotype314	CTCGAAATCATTGCGA-1
clonotype315	CTCTACGGTTACGTCA-1
clonotype316	ACCCACTAGACCACGA-1
clonotype317	CCTCTGATCACTTCAT-1
clonotype318	ATGTGTGGTAGTAGTA-1
clonotype319	TTATGCTTCAACGAAA-1
clonotype32	CGATTGAGTGCCTGTG-1,GCATGTATCGGTTAAC-1
clonotype321	GCTTGAAAGTTGTAGA-1
clonotype322	CTCGAGGCATGAAGTA-1
clonotype323	CGCTGGATCAAACCAC-1
clonotype325	CGACTTCTCACTTCAT-1
clonotype326	GCTTCCATCGCTTGTC-1
clonotype327	CTGAAACTCTTGCATT-1
clonotype328	CGAGCCACATCGATGT-1
clonotype329	CTGCGGAGTGTCAATC-1
clonotype33	CCACCTACACCTTGTC-1,TCAACGAGTAATTGGA-1
clonotype330	ACATGGTAGTTTAGGA-1
clonotype331	GCTGCTTTCCATGAGT-1
clonotype332	ACGAGGAAGAGTCTGG-1
clonotype333	GCTGCGACAGTCGTGC-1
clonotype334	GACTGCGGTAAATGAC-1
clonotype335	TGACTTTGTGCTGTAT-1
clonotype336	CGGCTAGGTAGCAAAT-1
clonotype337	AAGGAGCTCCAAATGC-1
clonotype338	CTACGTCAGTATGACA-1
clonotype339	CGGTTAATCGGCGGTT-1
clonotype34	AGTAGTCGTGTGACGA-1,CAACCTCAGAGTCTGG-1
clonotype340	GTGCATAAGAACTCGG-1
clonotype341	TAGTGGTCAGACAAGC-1
clonotype342	ATCCACCGTCTCTCTG-1
clonotype343	TAGACCAGTTGCGCAC-1
clonotype344	ACGAGGAAGTTGAGAT-1
clonotype345	ATCACGAAGACTTTCG-1
clonotype346	ACGATACCAGGGTTAG-1
clonotype347	CTTAGGAGTCGCCATG-1
clonotype348	CGACCTTAGTGGCACA-1
clonotype349	TACGGGCGTTACGGAG-1
clonotype35	ACACCAAAGTACGCGA-1,AGCAGCCGTGGCTCCA-1
clonotype350	CGTAGGCTCCGAAGAG-1
clonotype351	GATCAGTCACACTGCG-1
clonotype352	AGCATACCATGGATGG-1
clonotype37	GACTAACGTGCGATAG-1,TATGCCCTCTTTAGTC-1
clonotype378	CCACGGACACCAGGTC-1
clonotype38	AAGGAGCTCGGAAACG-1,TGTCCCATCTCAAGTG-1
clonotype380	CACCAGGGTGAGGGAG-1
clonotype381	CGTTAGAGTTGAACTC-1
clonotype382	TGACGGCCAGGCTCAC-1
clonotype383	CATATGGTCTATCCCG-1
clonotype384	GTGCTTCAGTATTGGA-1
clonotype386	TGACTTTAGCGTTGCC-1
clonotype387	AGCGTATAGGTCATCT-1
clonotype388	GAGCAGAAGCTGTCTA-1
clonotype389	AACTCCCCAGCTCGCA-1
clonotype39	ATTTCTGTCGTGGACC-1,TACTCATGTACACCGC-1
clonotype390	CAAGATCAGTCCGGTC-1
clonotype391	GATCGCGAGTGACATA-1
clonotype392	CCTCAGTCAATACGCT-1
clonotype393	ATCCGAATCATGCTCC-1
clonotype394	CGAGAAGGTACCGAGA-1
clonotype395	CCTACACTCAGCTCGG-1
clonotype396	CTCTAATCAATGAAAC-1
clonotype397	GCATACACATGAGCGA-1
clonotype398	CATCGGGCATGGTCTA-1
clonotype399	TCGGTAAAGTGGTAGC-1
clonotype4	ACACCAACAGCTCCGA-1,ACTGCTCAGAAACCTA-1,ATGAGGGTCATACGGT-1,GAAATGACAGCTATTG-1,TTGTAGGAGCCACGTC-1
clonotype40	CATCGGGTCTACGAGT-1,CTCGTACTCCTAGGGC-1
clonotype401	GCTGGGTCAAGCCGCT-1
clonotype402	GACCTGGGTCCTCCAT-1
clonotype403	CTGCGGATCACCGGGT-1
clonotype405	AGGCCACTCTAACTTC-1
clonotype406	CTCGTCAAGTGTTGAA-1
clonotype407	GGGACCTGTGATGCCC-1
clonotype408	ACTTTCATCTTCGGTC-1
clonotype409	GCCTCTATCGTTTGCC-1
clonotype41	ACACCAACAACTTGAC-1,CTCGTCACACCCAGTG-1
clonotype410	AAGCCGCTCTCGCATC-1
clonotype411	CGGCTAGAGGCAGTCA-1
clonotype412	ACTGTCCTCAGGATCT-1
clonotype413	CGGACTGAGCGTGAAC-1
clonotype414	GCGCCAATCCAGAAGG-1
clonotype415	ACACCGGGTGGTCCGT-1
clonotype416	TGCACCTGTAAGGGAA-1
clonotype417	CTAAGACAGGGTTCCC-1
clonotype418	CACACAAAGGGATCTG-1
clonotype419	CATTCGCAGTCGATAA-1
clonotype42	AATCGGTCAAGTTCTG-1,AGGGAGTTCCCATTTA-1
clonotype420	CAACTAGAGATCTGCT-1
clonotype421	CGTCCATAGTGTTAGA-1
clonotype422	GCTGCAGGTAAATGAC-1
clonotype423	ATGCGATGTGGAAAGA-1
clonotype424	CTCTGGTTCGGTGTCG-1
clonotype425	ATGCGATGTGGTTTCA-1
clonotype426	CAAGGCCCAAGTAATG-1
clonotype427	TTCCCAGAGTCTTGCA-1
clonotype428	GTGCTTCGTGTGCCTG-1
clonotype429	TTCTACATCTTAGCCC-1
clonotype43	CGAATGTAGTTTCCTT-1,GACCAATGTCTCCATC-1
clonotype430	AAGGCAGGTGTGAATA-1
clonotype431	CCTCTGATCGAATCCA-1
clonotype432	GATCGCGAGCTAGTCT-1
clonotype433	TGCCCATTCGGTCCGA-1
clonotype434	GTGCTTCCAGTCAGCC-1
clonotype435	TGGTTCCGTGTCGCTG-1
clonotype436	CACTCCACAAACAACA-1
clonotype437	CCAGCGAGTCGTGGCT-1
clonotype438	AGTGGGAAGATCCCAT-1
clonotype439	TTGTAGGCAACTTGAC-1
clonotype44	ACTGAGTGTCTACCTC-1,GGACATTGTAATTGGA-1
clonotype441	GCTGCTTCAAAGTCAA-1
clonotype442	AGTGTCATCTGTTTGT-1
clonotype443	TTCCCAGTCCTTGCCA-1
clonotype444	ACGATGTTCCTACAGA-1
clonotype445	CGTGTAACACTTACGA-1
clonotype446	GTTAAGCTCACGGTTA-1
clonotype447	GTCCTCAAGGCGCTCT-1
clonotype448	GTGCAGCTCCGATATG-1
clonotype449	TCAGCTCCAAACTGCT-1
clonotype45	CTCGAAAAGCTGTTCA-1,CTGATCCTCGCGATCG-1
clonotype450	GGAAAGCAGAGCTATA-1
clonotype451	ATCATCTAGCACCGCT-1
clonotype452	TTTACTGCACAGACAG-1
clonotype453	TATGCCCTCCTTTCGG-1
clonotype454	GCACTCTGTGGTTTCA-1
clonotype455	TTTATGCTCAACTCTT-1
clonotype456	GGCGACTAGTGACTCT-1
clonotype457	GACTGCGAGTCATGCT-1
clonotype458	TTCTACATCGCGTTTC-1
clonotype459	ACATACGCACTTAAGC-1
clonotype46	CGAGCCACAGTCGATT-1,GATCTAGTCGTAGATC-1
clonotype460	CGTGTCTGTACCGTAT-1
clonotype461	TCGGGACCAAACCTAC-1
clonotype462	CCCATACAGCCCAGCT-1
clonotype463	GTTCGGGTCTTAGCCC-1
clonotype464	TTAGTTCAGCAGCGTA-1
clonotype465	CGTTGGGAGTATTGGA-1
clonotype466	CGGTTAACACGGCCAT-1
clonotype467	TCTCTAAAGAGCTGCA-1
clonotype468	GCATGCGCACTATCTT-1
clonotype469	TACCTTAGTGTGGCTC-1
clonotype47	AAGCCGCGTACAGCAG-1,CTGTGCTGTAGGAGTC-1
clonotype470	GGTGTTAAGGTGCACA-1
clonotype471	GACCAATCAGACGCAA-1
clonotype472	AGGTCATTCTGACCTC-1
clonotype473	GTCACAATCTTTAGTC-1
clonotype474	GAATGAACAGTATGCT-1
clonotype475	GGATGTTCAATGGATA-1
clonotype476	GGTATTGCACATCTTT-1
clonotype477	AGTGGGAAGGGATACC-1
clonotype478	GGCGACTTCAACGAAA-1
clonotype479	GTCAAGTAGCACCGTC-1
clonotype48	GCCAAATGTTCCTCCA-1,TGATTTCGTCGAACAG-1
clonotype481	GCGACCAGTAGCGTCC-1
clonotype482	CGCGTTTCACGGCTAC-1
clonotype483	CAGCTAATCATACGGT-1
clonotype484	TTGGCAAGTTCCACGG-1
clonotype485	ACTGTCCTCGAATGGG-1
clonotype486	TGCGTGGTCTACGAGT-1
clonotype487	GCATGATAGCTAGTTC-1
clonotype488	CGACTTCGTGTTAAGA-1
clonotype489	CGGAGCTGTAGATTAG-1
clonotype49	TGAAAGAAGAAGGCCT-1,TGCTACCTCCCTCAGT-1
clonotype490	GTATTCTCATTCACTT-1
clonotype491	CGATGTATCTAACTCT-1
clonotype492	GACGTGCGTAGGAGTC-1
clonotype493	AACTGGTCAGGGATTG-1
clonotype494	ACACCCTTCTTGTTTG-1
clonotype495	GCTCTGTCACCGATAT-1
clonotype496	GCGGGTTTCAGCGACC-1
clonotype497	ACTTACTTCTGTTGAG-1
clonotype498	GAGGTGATCTGCCAGG-1
clonotype499	AAAGATGGTTCGCGAC-1
clonotype5	AAACCTGAGCCCTAAT-1,ACGGGCTTCAGTTAGC-1,ATGAGGGTCTCGCTTG-1,CTCGTCAGTTGATTCG-1,GCAATCACATCGACGC-1
clonotype50	CCTAAAGTCCCTTGTG-1,GCAGTTAGTCCGAACC-1
clonotype500	CTCACACCAAATACAG-1
clonotype501	CCTAGCTGTCGCGAAA-1
clonotype502	CTACCCAGTTACAGAA-1
clonotype503	AGGCCACGTGAGCGAT-1
clonotype504	GAAGCAGTCTTCGAGA-1
clonotype505	CGCTATCTCTAACTTC-1
clonotype506	GGCTCGAGTTATGTGC-1
clonotype507	TTCCCAGTCTTTACGT-1
clonotype508	TCGCGTTTCATCGATG-1
clonotype509	TCGGTAAAGCAATCTC-1
clonotype51	CAGCTGGAGCCGATTT-1,TGTTCCGCACGCGAAA-1
clonotype510	ACACTGAGTCGCATAT-1
clonotype511	TGTCCCAGTAGTACCT-1
clonotype512	GATCTAGCAATGAATG-1
clonotype513	AATCCAGGTTCCACGG-1
clonotype514	TCGAGGCAGTAGGCCA-1
clonotype515	TTTGGTTAGTGACTCT-1
clonotype516	CAAGAAATCATTGCGA-1
clonotype517	GAACATCGTTCGAATC-1
clonotype518	GACGTTACAAATACAG-1
clonotype519	TCAGGTAGTATTCGTG-1
clonotype52	GTCACGGCAGATCGGA-1,TGAGGGACAGGTGGAT-1
clonotype520	TCTTTCCAGCGATATA-1
clonotype521	GATCGTAAGGGAAACA-1
clonotype522	ACCTTTACACCCATGG-1
clonotype523	CCACGGAAGCGATAGC-1
clonotype524	CGCTTCAGTGGGTATG-1
clonotype525	AGTGTCAGTCTCTCTG-1
clonotype526	AGTGTCACAAATTGCC-1
clonotype527	CCTTACGCATGAAGTA-1
clonotype529	GGAAAGCGTATTAGCC-1
clonotype530	TACTTACAGTGGACGT-1
clonotype531	CGATGGCAGCTAGTCT-1
clonotype532	GGACATTAGTCATGCT-1
clonotype533	CAACCTCAGGAACTGC-1
clonotype534	GTGGGTCGTAGAGGAA-1
clonotype535	ACACTGACATCTGGTA-1
clonotype536	CGTCAGGAGGGAGTAA-1
clonotype537	TCGTAGATCCCAGGTG-1
clonotype538	CGAGCCAAGGTTCCTA-1
clonotype539	CTACATTAGACCGGAT-1
clonotype54	GCGACCAGTCCCTTGT-1,TGTTCCGGTGGACGAT-1
clonotype540	CTCTACGAGGCAGGTT-1
clonotype541	CGACTTCAGCCTTGAT-1
clonotype542	TTTGTCAGTTTAGGAA-1
clonotype543	TTAACTCAGAGAGCTC-1
clonotype544	ACATGGTTCCTTTACA-1
clonotype545	ACTGAGTGTTCCACGG-1
clonotype546	CACTCCACACCGATAT-1
clonotype547	TGTGGTAAGTCCCACG-1
clonotype548	GGGTTGCGTTAGATGA-1
clonotype549	ACACCCTCAATCGAAA-1
clonotype55	GCAGTTACACCTATCC-1,TCAATCTTCCGGGTGT-1
clonotype550	CTAAGACTCTATCCTA-1
clonotype551	TCGGTAATCGTATCAG-1
clonotype552	CCTACACTCAGTTTGG-1
clonotype553	CGACCTTAGCGTTTAC-1
clonotype554	AACTGGTCAGGACCCT-1
clonotype555	TTAGGACCATCCCATC-1
clonotype556	GCTGGGTCATGGTTGT-1
clonotype557	ATCATCTGTTGTGGCC-1
clonotype558	TGTGGTATCAAACCAC-1
clonotype559	ATCACGACAGGGAGAG-1
clonotype56	CAACTAGGTCAATGTC-1,CATCGAATCTTCGGTC-1
clonotype560	ATGCGATGTCTACCTC-1
clonotype561	CGGACACTCGACAGCC-1
clonotype562	ACTGAACAGACTAGAT-1
clonotype563	TTTGGTTAGAGTGAGA-1
clonotype564	TGAAAGAGTTTGACTG-1
clonotype565	CAGCTGGGTAAACACA-1
clonotype566	GTGCGGTGTCGCATCG-1
clonotype567	TACCTTACATAGACTC-1
clonotype568	GTTCGGGCAATGGAGC-1
clonotype569	ATAACGCGTAAATACG-1
clonotype57	GCTGGGTCAGTTAACC-1,TATCTCAAGGTGCAAC-1
clonotype570	GGAAAGCTCAGTTTGG-1
clonotype571	TCTTCGGAGCAATCTC-1
clonotype572	CTAATGGTCTGCCCTA-1
clonotype573	TCAGCTCTCTCTTGAT-1
clonotype574	CTGATCCAGTAGCCGA-1
clonotype575	GTATTCTGTGTGGCTC-1
clonotype576	CTGAAGTTCGGCGCAT-1
clonotype577	GGATTACTCCTTTACA-1
clonotype578	AAGTCTGTCGTACCGG-1
clonotype579	CATTCGCAGATCCCAT-1
clonotype58	CGCTGGAGTATGAAAC-1,GGAACTTCATCCTAGA-1
clonotype580	CAGAGAGTCTAGAGTC-1
clonotype581	GACGGCTGTTTCCACC-1
clonotype582	CTACCCATCGTAGGTT-1
clonotype583	CTTGGCTCACGTCAGC-1
clonotype584	GTGCAGCGTATAATGG-1
clonotype585	ATGCGATTCCCGACTT-1
clonotype586	TTCGAAGCAAGTCTAC-1
clonotype587	CCATTCGTCCTGTACC-1
clonotype588	CGGACACCAGCATGAG-1
clonotype589	AAGTCTGCAAGTCTAC-1
clonotype6	AGCGGTCGTCTAAAGA-1,CATGCCTGTAAACCTC-1,GCGACCAGTACACCGC-1,GGGAGATAGGTGACCA-1
clonotype60	GGGCACTTCCCTAATT-1,TGTTCCGTCACAAACC-1
clonotype61	ACTGAACCAACCGCCA-1,CCTAAAGAGAAGGGTA-1
clonotype612	AGGCCGTTCTCGCATC-1
clonotype613	GAATAAGTCGGAAACG-1
clonotype614	CAGTCCTCAGGTGCCT-1
clonotype615	CTCGAGGAGTCCGGTC-1
clonotype616	GCACTCTTCTCGTTTA-1
clonotype617	CAACCAAAGTTCGATC-1
clonotype618	GGCGACTCATCCCACT-1
clonotype619	GACCAATTCCAGTATG-1
clonotype62	AAAGTAGAGGTACTCT-1,AGAGTGGGTCTGCCAG-1
clonotype620	GTACTCCTCGCGCCAA-1
clonotype621	CTGATCCAGTGTGGCA-1
clonotype622	ATCTGCCAGGGATACC-1
clonotype623	CGTTCTGCACCTATCC-1
clonotype624	CTGATCCGTAACGCGA-1
clonotype625	TGACGGCCACATGACT-1
clonotype626	TGGACGCGTGTCAATC-1
clonotype627	GGTATTGAGGCGCTCT-1
clonotype629	AAGACCTTCGGGAGTA-1
clonotype63	CACAAACTCAAACCAC-1,TGCGGGTGTGTTTGTG-1
clonotype630	CACATAGTCATGGTCA-1
clonotype631	TGATTTCTCACATAGC-1
clonotype632	TGGCCAGCAATAGAGT-1
clonotype633	ACGAGGACAGCTCGCA-1
clonotype634	CGACCTTGTGTCTGAT-1
clonotype635	GGAATAAAGCGCTCCA-1
clonotype636	GCTGGGTTCACCATAG-1
clonotype637	ACAGCCGAGGAGTAGA-1
clonotype638	AACTCTTAGAAACCGC-1
clonotype639	ATAGACCGTGATAAAC-1
clonotype64	GTCTCGTTCTTTACGT-1,TTGAACGTCTATCCTA-1
clonotype640	TGCTGCTGTTACGACT-1
clonotype641	ATCATGGAGCTGCCCA-1
clonotype642	CATGCCTAGATATACG-1
clonotype643	GGTATTGGTAAGAGAG-1
clonotype644	TAAGAGATCATGTCCC-1
clonotype645	GCTCTGTAGGGATGGG-1
clonotype646	CTAGCCTTCCAAACAC-1
clonotype647	TTATGCTGTAGAGTGC-1
clonotype648	GTTACAGGTTAGTGGG-1
clonotype65	AGGGATGCAAGCCGTC-1,CATGCCTGTTAAGATG-1
clonotype651	ATAAGAGCAATGTAAG-1
clonotype652	TCTTTCCGTACCGGCT-1
clonotype653	CCGTGGATCTGGGCCA-1
clonotype654	CGTGAGCCACTCAGGC-1
clonotype655	GGCGACTAGCGTCAAG-1
clonotype656	ATTGGTGAGCCACGTC-1
clonotype657	GGCCGATGTGTTAAGA-1
clonotype658	CCACTACAGGTGTGGT-1
clonotype659	GGCTGGTCAAAGCAAT-1
clonotype66	CCCAGTTCATTTCAGG-1,CGCTATCAGGCCCTCA-1
clonotype660	AGAGTGGCAAAGCAAT-1
clonotype661	GATGAAATCGTGGACC-1
clonotype662	GCTGGGTCAAAGGCGT-1
clonotype663	CTAATGGTCTGTTTGT-1
clonotype664	GTTTCTACACCGCTAG-1
clonotype665	CGGACACCAGGTGGAT-1
clonotype666	GCTTGAAGTTCGTGAT-1
clonotype667	CACATAGGTTAGGGTG-1
clonotype668	CCCAGTTTCTTGTTTG-1
clonotype669	CCAGCGAAGGAGTACC-1
clonotype67	CAGAATCGTATATCCG-1,GCAGCCATCTCAAGTG-1
clonotype670	CATATTCAGTACACCT-1
clonotype671	GTCCTCAGTCTCCCTA-1
clonotype672	GCGAGAAAGATGTTAG-1
clonotype673	CGGTTAAGTCACTTCC-1
clonotype674	ATAAGAGCAAGCGTAG-1
clonotype675	TTATGCTTCCATGAAC-1
clonotype676	CGCTTCAGTAATTGGA-1
clonotype677	CGAACATTCTCTGAGA-1
clonotype678	CAGATCACAAGTCTGT-1
clonotype679	CTTAGGATCGTGACAT-1
clonotype68	TACCTTAAGTACATGA-1,TGACAACGTAATTGGA-1
clonotype680	CATGGCGGTTACAGAA-1
clonotype681	GCACATACACAACGCC-1
clonotype682	TGGCGCACATAGGATA-1
clonotype683	TACTCGCGTCAATACC-1
clonotype684	TGTTCCGGTTTCGCTC-1
clonotype685	TCGGGACGTGTGCGTC-1
clonotype686	GGGTTGCTCCTGCAGG-1
clonotype687	GTTCTCGTCTAGCACA-1
clonotype688	TAAACCGTCTTGCCGT-1
clonotype689	CTACCCATCACGCATA-1
clonotype69	CGATGGCAGGCTATCT-1,TTGAACGAGCTCTCGG-1
clonotype690	GAAATGACATTATCTC-1
clonotype691	GGACATTCATTGGTAC-1
clonotype692	TAAGAGAAGCAATCTC-1
clonotype694	AGCGTCGGTTAAGAAC-1
clonotype695	TTTATGCGTACCATCA-1
clonotype696	ATGAGGGAGGGTATCG-1
clonotype697	TCAGATGTCCACGCAG-1
clonotype698	TAAACCGTCCCTAATT-1
clonotype699	TCAGGTACAGGAACGT-1
clonotype7	ACATACGAGCGTTTAC-1,ACGGGTCTCCATGAAC-1,CCTAGCTTCCCTCTTT-1,TGGGCGTTCGTTGACA-1
clonotype70	CACATTTAGCACAGGT-1,TAGACCACATAGAAAC-1
clonotype700	AGTGAGGTCATGGTCA-1
clonotype701	TTGAACGTCTCCAACC-1
clonotype702	ATAGACCTCAGTCCCT-1
clonotype703	CTTCTCTGTAGCACGA-1
clonotype704	GTCACGGTCGGGAGTA-1
clonotype705	ACGCAGCCAGTGAGTG-1
clonotype706	GGAACTTGTTATCCGA-1
clonotype707	ACCTTTATCGGATGTT-1
clonotype708	CTGAAGTAGGTGCACA-1
clonotype709	TAGACCAAGTTACCCA-1
clonotype710	GGACGTCTCCAGGGCT-1
clonotype711	TTTACTGTCGGATGGA-1
clonotype712	TCACAAGCAGGAACGT-1
clonotype713	TACACGAAGAGCAATT-1
clonotype714	ACGCCGAAGTGGACGT-1
clonotype715	ACGATACGTATTACCG-1
clonotype716	GCCAAATAGCTACCGC-1
clonotype717	GTGTTAGTCAAACCGT-1
clonotype718	CCTAAAGAGTGATCGG-1
clonotype719	TGCTACCAGTGCGATG-1
clonotype720	TACACGATCCCTTGTG-1
clonotype721	CGGAGTCAGGGTTTCT-1
clonotype722	TACCTATTCCGTTGCT-1
clonotype723	TCAGGTAAGGCGACAT-1
clonotype724	CTCACACCAACTGCTA-1
clonotype725	GATGCTAAGTCCGTAT-1
clonotype726	CCTAGCTTCACCATAG-1
clonotype727	AGCTCTCGTCACTGGC-1
clonotype728	CTGATAGGTTGTGGCC-1
clonotype729	CGGCTAGTCCGTTGCT-1
clonotype730	TTAGTTCAGATGTGTA-1
clonotype731	CTGCTGTCATGGGACA-1
clonotype732	GAGGTGAGTCTAAACC-1
clonotype733	GGGCATCTCTGGCGTG-1
clonotype734	ACACCGGGTTATCGGT-1
clonotype735	TACAGTGCATCAGTCA-1
clonotype736	CCAGCGATCCTTCAAT-1
clonotype737	CGTGAGCAGGCGTACA-1
clonotype738	GGCGTGTTCCGCGCAA-1
clonotype739	ATGTGTGTCCGAAGAG-1
clonotype740	TCAGATGCAAGCCGCT-1
clonotype741	ACATACGGTGAAGGCT-1
clonotype742	TGGGCGTAGGCGTACA-1
clonotype743	TCTTCGGGTGGGTATG-1
clonotype744	CATATTCTCACTCTTA-1
clonotype745	TAGACCACACGAGGTA-1
clonotype746	TGGTTCCTCCTGCTTG-1
clonotype747	CCGTACTTCAGCTTAG-1
clonotype748	ACATCAGTCAACACAC-1
clonotype749	TGGCGCAGTGCACTTA-1
clonotype750	TCTCATATCTACTATC-1
clonotype751	CAGCATAGTATTAGCC-1
clonotype752	ACGGGTCAGCTGCGAA-1
clonotype753	GCTGCAGCAGTTTACG-1
clonotype754	ATGGGAGCAGTTAACC-1
clonotype755	CTCTACGCATTCCTGC-1
clonotype756	TTGAACGGTCTTCTCG-1
clonotype757	CATCGGGGTATTCTCT-1
clonotype758	GGAATAAGTCACTGGC-1
clonotype759	AGCTCTCGTATTACCG-1
clonotype76	CGCTTCAAGAACTGTA-1
clonotype760	ATTGGTGGTCTAGTGT-1
clonotype761	CCGGTAGTCACCTTAT-1
clonotype762	TTAACTCAGAGCTATA-1
clonotype763	TTCGAAGCAGTTCATG-1
clonotype764	ATTATCCGTCAGAATA-1
clonotype765	GAATAAGGTACTTGAC-1
clonotype766	TTAGGACGTGATAAGT-1
clonotype767	CCACCTAAGGGTTCCC-1
clonotype768	CTTAACTTCATACGGT-1
clonotype769	TTGTAGGCAAGCCCAC-1
clonotype77	GTCACGGAGATCCCGC-1
clonotype770	AAGGAGCCAAGTTCTG-1
clonotype771	GAGGTGAGTAAACGCG-1
clonotype772	GAACGGACAAGGTTTC-1
clonotype773	TCATTACGTCCAGTAT-1
clonotype774	CTCGAAATCGCTTGTC-1
clonotype775	CATCGAATCCACGTTC-1
clonotype776	AGATCTGGTTCAACCA-1
clonotype777	TAGTTGGGTATTACCG-1
clonotype778	TCATTTGGTAAGGGAA-1
clonotype779	GCAGCCAGTAAGAGGA-1
clonotype780	GATCAGTCATGCGCAC-1
clonotype782	CGCTATCCATCCAACA-1
clonotype783	CAACCTCTCTAACCGA-1
clonotype784	GGACAAGGTTAGAACA-1
clonotype785	CATGACAAGTAGCCGA-1
clonotype786	ACGCCGATCACTCTTA-1
clonotype787	TTGCCGTCATGCTAGT-1
clonotype789	AACTCTTCATGCTAGT-1
clonotype790	TGCACCTTCACTATTC-1
clonotype791	TGTTCCGAGCTCCTCT-1
clonotype792	GATCGTAGTTTCGCTC-1
clonotype793	ACCGTAACACTGTTAG-1
clonotype794	ACAGCCGGTTCGCTAA-1
clonotype795	GTGGGTCTCCCAACGG-1
clonotype796	GCACATAGTTATCGGT-1
clonotype797	GTTTCTAGTTACGTCA-1
clonotype798	CTCGGAGAGGACATTA-1
clonotype799	TCTTCGGTCGTAGGAG-1
clonotype8	ACACCGGAGCTACCGC-1,AGGGTGAGTGGTAACG-1,CGGAGTCAGGATATAC-1,GAAATGAGTCAGAAGC-1
clonotype800	GTCATTTTCACGCGGT-1
clonotype801	TGAGGGAGTACCATCA-1
clonotype802	GTTCTCGAGATAGCAT-1
clonotype803	GCATACATCTATCCTA-1
clonotype804	TCGGTAACATGCAATC-1
clonotype805	GATGCTATCTGAGGGA-1
clonotype806	GGTATTGAGTTCGCGC-1
clonotype807	GGGCATCAGTGTCTCA-1
clonotype808	CTACCCAAGCGTCTAT-1
clonotype809	GATTCAGGTGCTCTTC-1
clonotype81	GGACAAGGTGGTGTAG-1
clonotype810	TCTATTGGTAGAAGGA-1
clonotype811	CCGTACTAGCTCCTTC-1
clonotype812	CTCACACCAAAGAATC-1
clonotype813	CAGAGAGCATAGTAAG-1
clonotype814	CGCGGTATCCGCTGTT-1
clonotype815	CTCAGAAAGGCCCGTT-1
clonotype816	TACTTACGTTAAAGTG-1
clonotype817	TGTATTCGTGGCGAAT-1
clonotype818	CGAACATGTGGCAAAC-1
clonotype819	AGTGAGGTCCAGTATG-1
clonotype82	TCGCGAGGTTTCGCTC-1
clonotype820	GATCTAGGTCAACATC-1
clonotype821	GTTCTCGGTCACCTAA-1
clonotype823	TGAGCCGCAAGTAGTA-1
clonotype824	ACGGGTCAGAAACCTA-1
clonotype825	CGCGGTACATGGTAGG-1
clonotype826	ACGCAGCCAGATGGCA-1
clonotype827	TAAGCGTTCGTACCGG-1
clonotype829	AAGCCGCAGCAATATG-1
clonotype83	TACTTACTCGGCATCG-1
clonotype830	AACCATGGTCTTGCGG-1
clonotype831	TCAATCTCATACTACG-1
clonotype832	AGATTGCTCGGTGTCG-1
clonotype833	GGGTTGCTCTACCTGC-1
clonotype834	AGATCTGTCCAGATCA-1
clonotype835	CAGGTGCAGCGTTCCG-1
clonotype836	TGGCCAGAGACAGAGA-1
clonotype837	GAGCAGAGTGTGGTTT-1
clonotype838	GCAAACTGTAAATGAC-1
clonotype84	CCGGGATCAATGAATG-1
clonotype840	CGCTTCAGTAGCGATG-1
clonotype841	ACGATACAGATTACCC-1
clonotype842	AGTCTTTTCGTCACGG-1
clonotype843	AATCCAGTCGGAATCT-1
clonotype844	ACCTTTATCAGCACAT-1
clonotype845	GCGCAGTTCCTGTAGA-1
clonotype846	ATTGGACGTTGTACAC-1
clonotype847	ATTGGACAGGGCTTGA-1
clonotype848	AAGCCGCTCTACTTAC-1
clonotype849	CTGTGCTGTAGCGTCC-1
clonotype85	CAGCGACAGCTTTGGT-1
clonotype850	GACTAACTCCTTAATC-1
clonotype851	TGTATTCTCGCTTGTC-1
clonotype852	TACTTGTTCCAAAGTC-1
clonotype853	GGATTACGTTAGGGTG-1
clonotype854	CGAGAAGCATGACATC-1
clonotype855	TGAGCATTCTACGAGT-1
clonotype856	CATTCGCCATACCATG-1
clonotype857	TAGTTGGTCATATCGG-1
clonotype858	AGCTCCTGTGCGAAAC-1
clonotype859	CCATGTCAGCAGACTG-1
clonotype86	CGGAGCTTCAAACCAC-1
clonotype860	AGTCTTTAGTGTGAAT-1
clonotype861	CCTCTGACAACGATCT-1
clonotype862	GGAACTTAGACTTTCG-1
clonotype863	AGAGTGGTCACTCTTA-1
clonotype864	GATCTAGTCAACTCTT-1
clonotype865	GCCTCTAGTTACGTCA-1
clonotype866	TCGTAGAAGGAATGGA-1
clonotype867	CATATGGCAATCGGTT-1
clonotype868	CATATGGGTGCAACTT-1
clonotype869	GTAACGTAGTGTTGAA-1
clonotype87	TCTGAGAGTATAGGGC-1
clonotype871	GTCAAGTGTCTGCGGT-1
clonotype872	CGGACGTAGGCCCTTG-1
clonotype873	CGGACTGAGCGTGAGT-1
clonotype874	GCAAACTGTTTGTTGG-1
clonotype875	CTCTACGTCTGCGACG-1
clonotype876	TTCCCAGCAAGTTGTC-1
clonotype877	ACTTTCAGTGAGGGAG-1
clonotype878	TGACGGCCATGCCACG-1
clonotype879	TAAGCGTCAATACGCT-1
clonotype880	ATAACGCCATCGGAAG-1
clonotype881	GATTCAGTCTTCATGT-1
clonotype882	CAAGATCGTCTAAACC-1
clonotype883	GGGATGAAGGACAGAA-1
clonotype884	CCGTGGAAGCGTAGTG-1
clonotype885	TATCTCAGTCACCCAG-1
clonotype886	CACATAGCAAACGCGA-1
clonotype887	GCCAAATGTGTGAATA-1
clonotype89	CGAGCACGTAGCGTAG-1
clonotype9	AGGCCACTCGCTAGCG-1,AGTGGGACACCGTTGG-1,CGTGAGCAGCGCTCCA-1,GGCCGATGTTGGTGGA-1
clonotype90	TTGGAACCACCAGATT-1
clonotype91	AAGGAGCAGCTGCGAA-1
clonotype911	CCGTACTCACATGACT-1
clonotype912	GCCAAATTCCATTCTA-1
clonotype913	TAGTTGGTCCGCATCT-1
clonotype914	CGTCCATGTGTTGAGG-1
clonotype915	GCATACACAGATCCAT-1
clonotype916	TCTTTCCGTAATAGCA-1
clonotype917	CCAGCGACAATGTAAG-1
clonotype918	CGCGGTAAGTGAATTG-1
clonotype919	GGGCACTGTCCGAATT-1
clonotype920	ACGATACAGAGGGATA-1
clonotype921	TTTATGCTCCAACCAA-1
clonotype922	GGAAAGCAGGCGACAT-1
clonotype923	TTTGCGCTCTCGAGTA-1
clonotype924	CCTACCAGTTATCACG-1
clonotype925	CAGATCATCGTGGGAA-1
clonotype926	TTGGAACAGTGTCTCA-1
clonotype927	CGAGAAGAGGTGTTAA-1
clonotype928	AGAATAGCATGGATGG-1
clonotype929	TGTGGTATCCTATTCA-1
clonotype930	CGGAGCTAGAATTGTG-1
clonotype931	GTGCAGCAGCCCAACC-1
clonotype932	ACTGAGTAGCAGGTCA-1
clonotype933	CACAGTATCCCGACTT-1
clonotype934	GACAGAGTCTGTCAAG-1
clonotype935	GCTTGAAAGGGTCTCC-1
clonotype936	CCGTTCATCAGGATCT-1
clonotype937	GCAGTTACACCAGTTA-1
clonotype938	CTCTACGTCACGCATA-1
clonotype939	CTGCGGATCAGGCCCA-1
clonotype940	GGGTCTGAGAGGTTAT-1
clonotype941	CAGCAGCGTGAGTATA-1
clonotype942	CAAGGCCAGATGCGAC-1
clonotype943	ACACCCTCACGTAAGG-1
clonotype944	CTGTGCTTCTGCGTAA-1
clonotype946	TACAGTGCAGGGTTAG-1
clonotype947	AGACGTTGTAAACCTC-1
clonotype948	GTTAAGCGTGTTCTTT-1
clonotype949	CGGACTGAGTGCTGCC-1
clonotype950	TACAGTGGTAATCGTC-1
clonotype951	AAATGCCAGATCCGAG-1
clonotype952	ACGGAGAGTGTATGGG-1
clonotype953	CGTGAGCCAGCCTTTC-1
clonotype954	ATTACTCAGTACGATA-1
clonotype955	CAGCAGCAGAGCCTAG-1
clonotype956	CACAGGCCAAGGTTTC-1
clonotype957	CTTCTCTAGGAATCGC-1
clonotype958	TACGGATTCACAGTAC-1
clonotype959	CCTCTGAGTGAGTATA-1
clonotype960	TCGGTAAAGCCAGGAT-1
clonotype961	TGATTTCCAACGATCT-1
clonotype962	GTAGGCCTCTATCCCG-1
clonotype963	CATATTCCAGCTTCGG-1
clonotype964	GCACTCTGTCGCGTGT-1
clonotype965	GTGCAGCAGCGATTCT-1
clonotype966	TGACGGCTCATCACCC-1
clonotype967	ACCGTAAGTGAGGGTT-1
clonotype968	TCTCATATCCTAAGTG-1
clonotype969	CTAGCCTGTAGCCTAT-1
clonotype970	CAGATCACATAACCTG-1
clonotype971	ACGGAGACAAGAGTCG-1
clonotype972	TATCTCACAGAAGCAC-1
clonotype973	CCAGCGAAGGGCTTCC-1
clonotype974	CAGCAGCCACACATGT-1
clonotype975	TTGTAGGTCTGAGGGA-1
clonotype976	ATCATCTAGCCGTCGT-1
clonotype977	TCACAAGCAAAGGAAG-1
clonotype978	TCAGATGGTTGATTGC-1
clonotype979	ACTGAGTAGAGTAAGG-1
clonotype98	GCCAAATCATACCATG-1
clonotype980	ACTGAACAGCAATATG-1
clonotype981	CACATTTGTTACGACT-1
clonotype982	GATCAGTGTATATGAG-1
clonotype983	CGATCGGGTTCCACGG-1
clonotype984	CTCGAGGTCTTTAGGG-1
clonotype985	GATGAAAAGTGTACTC-1
clonotype986	ACAGCTAAGACACTAA-1
clonotype987	CTAGCCTGTCATGCCG-1
clonotype988	TTGCGTCGTTCGTTGA-1
clonotype989	AGGCCACCACCCATGG-1
clonotype99	ACGGAGAGTAAAGGAG-1
clonotype990	GCGCAGTGTACCTACA-1
clonotype991	CTAGCCTAGCAGGCTA-1
clonotype992	CGGCTAGAGGAGTACC-1
clonotype993	CAGCTAAGTCGACTGC-1
clonotype994	CTGAAACTCCAGATCA-1
clonotype995	TCAACGACAGTTCCCT-1
clonotype996	CATCAAGAGCTGTCTA-1
clonotype997	TGACTAGCATCGACGC-1
clonotype998	AGATCTGAGTATCTCG-1
clonotype999	ATCATCTGTTCCAACA-1
